Compound,Date,Negative,Neutral,Positive,Tweet,Tweets Ago,Username
0.681,Sat Sep 29 08:11:46 +0000 2018,0.763,0.0,0.237,RT @BBCOne: .@LadyGaga &amp; Jodie Whittaker playing the #DoctorWho theme tune on the theremin is a joy to behold. #TheGNShow https://t.co/0aLu‚Ä¶,1,BBC
-0.102,Sat Sep 29 08:05:03 +0000 2018,0.746,0.136,0.118,"""I've broken around 80 bones"". üò¨üè•

Meet the man who can't feel pain. üëâ https://t.co/6qsfeQmIct https://t.co/6jXkhYCTza",2,BBC
0.0,Sat Sep 29 07:03:06 +0000 2018,1.0,0.0,0.0,"Say hello to baby Omo, a rare albino squirrel... üòçüêøÔ∏è

https://t.co/FVppFQSOJw",3,BBC
0.0,Sat Sep 29 06:31:00 +0000 2018,1.0,0.0,0.0,"Over the last 50 years, the flesh-footed shearwater population has dropped by 30%.

Plastic is a major cause of the‚Ä¶ https://t.co/827iYwzryJ",4,BBC
0.36,Fri Sep 28 20:31:03 +0000 2018,0.865,0.0,0.135,"The Graham Norton Show is back! Tonight Bradley Cooper, @ladygaga, Jodie Whittaker and @ryangosling join @grahnort‚Ä¶ https://t.co/prBbKLrkaO",5,BBC
-0.126,Fri Sep 28 18:32:03 +0000 2018,0.846,0.089,0.065,"It's the Celebrity MasterChef final! After six gruelling weeks, just two tough challenges stand between the three r‚Ä¶ https://t.co/mLCixMGG8v",6,BBC
0.7,Fri Sep 28 16:03:07 +0000 2018,0.655,0.0,0.345,"Science has confirmed: cats are nice. üòª

https://t.co/nTtAUxYl6v https://t.co/kI8XYPICjA",7,BBC
0.153,Fri Sep 28 15:01:02 +0000 2018,0.882,0.0,0.118,"üòÆüêô You need to watch this seal slap a man with an octopus... 

https://t.co/Njn1fsWeXX",8,BBC
0.0,Fri Sep 28 14:03:07 +0000 2018,1.0,0.0,0.0,In pictures: Politician mothers take their babies to work. üë∂üì∑ https://t.co/wZ4NmFwkOn https://t.co/BTtyJu1WSX,9,BBC
-0.535,Fri Sep 28 12:33:00 +0000 2018,0.478,0.345,0.177,"Why do we love bees, but hate wasps? https://t.co/2CM65SLLyE",10,BBC
0.66,Fri Sep 28 11:04:06 +0000 2018,0.691,0.082,0.227,"What kind of snack would you be? ü§î

Kids asking Tom Hardy difficult questions is the best thing you'll see today. üòÇ‚Ä¶ https://t.co/8iFXGQhKlz",11,BBC
0.0,Fri Sep 28 10:24:29 +0000 2018,1.0,0.0,0.0,"RT @BBCWomansHour: The üö®TOP 10üö® #WomenInMusic on the #WHPowerList have been revealed! üåü Featuring the most iconic performers, heads of labe‚Ä¶",12,BBC
-0.296,Fri Sep 28 10:02:06 +0000 2018,0.879,0.121,0.0,"‚ù§Ô∏è This story of a missing 49-year-old father is the most moving thing you'll watch today. 

https://t.co/8CYggzS9Hj",13,BBC
0.572,Fri Sep 28 09:40:18 +0000 2018,0.829,0.0,0.171,"RT @bbcmusic: How are you celebrating #BBCMusicDay today? 

Here's 9 Things to watch out for, including @George_Ezra reading a bedtime stor‚Ä¶",14,BBC
-0.599,Fri Sep 28 09:04:01 +0000 2018,0.738,0.262,0.0,"How would you cope if you knew how you might die?

https://t.co/VbAFmeDCXQ",15,BBC
0.586,Fri Sep 28 08:04:02 +0000 2018,0.833,0.0,0.167,"Eggs as conditioner? ü•öü§∑

Experts rate the beauty tips that our mums swore by. üëâ https://t.co/HGSuMbUNOj https://t.co/uoUg0LYfQp",16,BBC
0.382,Fri Sep 28 07:32:06 +0000 2018,0.867,0.0,0.133,"Are children getting too much homework in the UK? üìöüñç

Comedian @robdelaney says kids' workload is ""madness"".‚Ä¶ https://t.co/i16FsfwKNb",17,BBC
0.681,Fri Sep 28 07:01:05 +0000 2018,0.728,0.0,0.272,"Here's some useful advice on how you can help hedgehogs at this time of year. ü¶î

https://t.co/TKgF4H0ktl",18,BBC
0.226,Thu Sep 27 17:02:07 +0000 2018,0.756,0.089,0.155,"This is the quiz where you have to play the answer as well as say it. Famous faces battle it out, testing their ski‚Ä¶ https://t.co/WXXa78QNdD",19,BBC
-0.128,Thu Sep 27 16:03:09 +0000 2018,0.933,0.067,0.0,Got a bag of frozen peas lurking at the back of the freezer? Here are 7 things you can do with them. üòãüç¥‚Ä¶ https://t.co/innpVg70hh,20,BBC
-0.103,Wed Sep 26 13:04:06 +0000 2018,0.59,0.229,0.181,"Another grand slam for @Andy_Murray üò¨

The tennis star took to Instagram to share the awkward moment he dropped a c‚Ä¶ https://t.co/fXEFv5P9Nz",21,BBC
0.0,Wed Sep 26 12:32:03 +0000 2018,1.0,0.0,0.0,An orangutan named Rocky has become the first to mimic human speech. üôäüí¨  https://t.co/DIGdTHwpNq https://t.co/MeQwgxocmm,22,BBC
0.0,Wed Sep 26 12:30:08 +0000 2018,1.0,0.0,0.0,"It‚Äôs National #FitnessDay! üèÄÔ∏è‚öΩÔ∏èüéæ

How much do you really know about exercise? 

Take this quiz to find out‚Ä¶‚Ä¶ https://t.co/8t1SMXLZp2",23,BBC
0.0,Wed Sep 26 11:02:01 +0000 2018,1.0,0.0,0.0,"It's that time of year again... üôÑ

https://t.co/LxjiPTYUIG",24,BBC
0.318,Wed Sep 26 10:46:44 +0000 2018,0.874,0.0,0.126,RT @BBCRadio4: üé∂ Prepare for adventure as @gemcairn takes @KojeyRadical on a musical journey to Accra... https://t.co/mvTfrBzlnB,25,BBC
0.0,Wed Sep 26 10:04:04 +0000 2018,1.0,0.0,0.0,"What. A. Voice. üòÆüëè

7-year-old Malea Emma was asked to sing the national anthem before an LA Galaxy game...

https://t.co/WHmbmTKkyU",26,BBC
0.0,Wed Sep 26 09:53:51 +0000 2018,1.0,0.0,0.0,RT @BBCLater: Record-breaking UK solo artist @JessGlynne got our brand new series off to a storming start tonight... Watch the performance‚Ä¶,27,BBC
0.0,Wed Sep 26 09:04:04 +0000 2018,1.0,0.0,0.0,"Discover the ancient volcanoes along Scotland‚Äôs west coast... üòÆüåã

https://t.co/kEPUuvtDN3",28,BBC
0.477,Wed Sep 26 08:04:03 +0000 2018,0.479,0.168,0.353,How to help a friend who's struggling with mental health. https://t.co/X9PwihsgH9 https://t.co/0lUMrtmb1j,29,BBC
0.0,Wed Sep 26 07:31:04 +0000 2018,1.0,0.0,0.0,"Students can take a David Bowie course at Leeds University. ‚úçüéì 

üìªüëâ https://t.co/4jPPrnAK5S https://t.co/0ISuNTEZ5b",30,BBC
0.0,Wed Sep 26 07:02:07 +0000 2018,1.0,0.0,0.0,"From Hawarden to Mount Snowdon, it's #MonkmanAndSeagull's Guide To Wales! üôå @e_monkman @bobby_seagull 

https://t.co/witW8qatbV",31,BBC
0.296,Tue Sep 25 20:03:05 +0000 2018,0.855,0.0,0.145,"Tonight @JessGlynne, @idlesband, @softcellhq, @Ralph_McTell, @KingPrincess69 and @HakBaker join Jools on the first‚Ä¶ https://t.co/Lb6VCJ3eQI",32,BBC
0.402,Tue Sep 25 19:03:06 +0000 2018,0.863,0.0,0.137,"Christopher Eccleston narrates a film which asks whether, a century later, the lessons learnt in 1918 might help us‚Ä¶ https://t.co/BiR6nIr1bz",33,BBC
0.0,Tue Sep 25 16:32:49 +0000 2018,1.0,0.0,0.0,"RT @BBCOne: **BREAKING** Meet your 2018 candidates, as introduced by @MattEdmondson on @bbciplayer &gt;&gt; https://t.co/oUaGVpPBuf

#TheApprenti‚Ä¶",34,BBC
0.611,Tue Sep 25 16:02:03 +0000 2018,0.715,0.0,0.285,"Happy birthday to the one and only Will Smith! üéâüéà

https://t.co/CqmihTvPYW",35,BBC
0.527,Tue Sep 25 15:02:02 +0000 2018,0.685,0.089,0.226,".@BTS_twt have now gone where no K-pop group has gone before: The United Nations.

In a powerful speech, Kim Nam-jo‚Ä¶ https://t.co/bkZFU5VfFX",36,BBC
0.0,Tue Sep 25 14:00:23 +0000 2018,1.0,0.0,0.0,"üî§Scrabble players will now be able to use words such as ""OK"" and ""ew"" after a US dictionary company announced it wa‚Ä¶ https://t.co/kMHWzb8Gwi",37,BBC
0.0,Tue Sep 25 13:05:02 +0000 2018,1.0,0.0,0.0,"In Sweden, you get paid double to be a parent.

(Via @BBCThree)

https://t.co/daXes3fiZX",38,BBC
0.0,Tue Sep 25 12:32:05 +0000 2018,1.0,0.0,0.0,Indonesian teenager survives 49 days adrift at sea in 'fishing hut'. https://t.co/5rKpohNfRi https://t.co/qlRvoxZGe2,39,BBC
0.0,Tue Sep 25 11:03:05 +0000 2018,1.0,0.0,0.0,"This is what happens when you teach African teenage girls to fly. ‚úàÔ∏è

https://t.co/1Kp4Ael1FO",40,BBC
0.68,Sat Sep 22 18:06:33 +0000 2018,0.741,0.0,0.259,"RT @BBCiPlayer: Happy Birthday, @billiepiper! üéÇ üéà
Here's a throwback to her emotional goodbye in Doctor Who. https://t.co/Mb9fPYDiyH",41,BBC
0.572,Sat Sep 22 17:03:07 +0000 2018,0.844,0.0,0.156,Jack wanted to do something different to celebrate turning 106... so he became the oldest person ever to have zip-l‚Ä¶ https://t.co/WVOmVlpIZz,42,BBC
0.42,Sat Sep 22 16:14:07 +0000 2018,0.872,0.0,0.128,"Get ready to start dancing! ‚ú®üíÉüï∫

This year's @BBCStrictly celebrities have had two weeks to rehearse their first ro‚Ä¶ https://t.co/ADIc1vi0we",43,BBC
0.0,Sat Sep 22 15:04:05 +0000 2018,1.0,0.0,0.0,"This is the first time this baby rhino has been outside! üòçü¶è #WorldRhinoDay

https://t.co/OJdiiKiyIK",44,BBC
-0.131,Sat Sep 22 14:03:05 +0000 2018,0.793,0.132,0.075,Pictures of sea life tangled in plastic waste mean the pressure is on to do more to help. But what can be recycled‚Ä¶ https://t.co/RnQPBTRO44,45,BBC
-0.557,Sat Sep 22 13:30:22 +0000 2018,0.806,0.194,0.0,RT @BBCBreaking: Chas Hodges - one half of the musical duo Chas &amp; Dave - has died https://t.co/sLok83mgNk,46,BBC
0.637,Sat Sep 22 13:30:08 +0000 2018,0.826,0.0,0.174,"RT @BBC6Music: üì∫ What‚Äôs the best thing you‚Äôve watched on the iPlayer lately?
1) #KillingEve @bbcthree
2) #CanYouFeelIt @BBCFOUR
3) #TheBody‚Ä¶",47,BBC
0.457,Sat Sep 22 13:04:09 +0000 2018,0.87,0.0,0.13,"RT @bbcstrictly: It's getting real now. #Strictly Come Dancing, LIVE tonight 6.15pm @BBCOne. RT if you'll be watching! üéâ https://t.co/uIRTh‚Ä¶",48,BBC
0.891,Sat Sep 22 13:01:03 +0000 2018,0.616,0.0,0.384,Amazing! üíßüç¨üëµ Lewis has invented jelly sweets filled with water to encourage his grandma with dementia to stay hydra‚Ä¶ https://t.co/BAXUAFZYLQ,49,BBC
0.457,Sat Sep 22 11:04:03 +0000 2018,0.834,0.0,0.166,"The official trailer is here! 

""I‚Äôm the Doctor, when people need help, I never refuse."" #DoctorWho

https://t.co/0fLnk99haj",50,BBC
0.596,Sat Sep 22 10:04:05 +0000 2018,0.796,0.0,0.204,'I've had so much support from mums who thought that they couldn't do anything for themselves straight after they h‚Ä¶ https://t.co/iKgJY3L64W,51,BBC
0.457,Sat Sep 22 09:03:08 +0000 2018,0.87,0.0,0.13,"Do you have any pictures of your family at Stonehenge? 

üì∑ üë®‚Äçüë©‚Äçüë¶‚Äçüë¶ @EnglishHeritage needs your help! 

https://t.co/MxpcFHCYlq",52,BBC
0.0,Sat Sep 22 08:01:06 +0000 2018,1.0,0.0,0.0,"Oops! ü§¶‚Äç‚ôÄÔ∏è‚úàÔ∏è

An airline has had to send a plane back to the paint shop after the company's name was spelled incorr‚Ä¶ https://t.co/PtaEH3CPXf",53,BBC
0.402,Sat Sep 22 07:31:05 +0000 2018,0.881,0.0,0.119,"Many yoghurts are full of sugar and the public should not be lulled into thinking they are eating healthy products,‚Ä¶ https://t.co/RJysRsxaZD",54,BBC
0.509,Sat Sep 22 07:02:05 +0000 2018,0.852,0.0,0.148,"The black-footed cat is the deadliest (but cutest?!) wild cat in the world. üòª #BigCats 

https://t.co/FjFZDR7bZ8",55,BBC
0.896,Fri Sep 21 19:10:09 +0000 2018,0.671,0.0,0.329,"RT @BBCRadio1PR: Mum always knows best üëº @RayBLK_ reveals who inspires her as she heads out on the #1XtraLive Inspire ME tour

#inspireme h‚Ä¶",56,BBC
0.248,Fri Sep 21 18:03:06 +0000 2018,0.895,0.0,0.105,"""Everybody will see this and think that I'm a trillionaire!""

After students gave their university cleaner ¬£1,500 s‚Ä¶ https://t.co/n2N1cHJky0",57,BBC
0.836,Fri Sep 21 17:03:01 +0000 2018,0.695,0.0,0.305,"""Working on this project has been a tremendous labour of love"" üìñüíïü•ò

Meghan Markle celebrated the launch of her Gren‚Ä¶ https://t.co/vbPiUJw3sr",58,BBC
0.361,Fri Sep 21 16:01:00 +0000 2018,0.815,0.0,0.185,Jumping into the weekend like... üòº #FridayFeeling https://t.co/vdWEXCzlSI,59,BBC
0.802,Fri Sep 21 15:41:21 +0000 2018,0.699,0.0,0.301,"RT @bbc5live: Today, we said goodbye to our dear colleague and friend Rachael Bland.
 
#RaiseAGlassToRach is our way of giving a big burst‚Ä¶",60,BBC
0.718,Mon Sep 17 12:02:06 +0000 2018,0.708,0.0,0.292,The Duchess of Sussex has launched her first solo charity project as a royal - a cookbook in support of Grenfell fa‚Ä¶ https://t.co/yBj2kdv4rY,61,BBC
0.0,Mon Sep 17 11:27:23 +0000 2018,1.0,0.0,0.0,RT @bbcpress: üè¥Û†ÅßÛ†Å¢Û†Å∑Û†Å¨Û†Å≥Û†Åø @larrylamb47 leads cast of TV favourites for new drama #PitchingIn on @BBCWales and @BBCOne daytime: https://t.co/Say‚Ä¶,62,BBC
0.0,Mon Sep 17 11:03:04 +0000 2018,1.0,0.0,0.0,"üåüüå†‚ú® The International Dark Sky Association has named Wales as a dark skies world leader... 

https://t.co/6cMHSt3mPT",63,BBC
0.0,Mon Sep 17 10:03:05 +0000 2018,1.0,0.0,0.0,"Meet Vera, a 102-year-old Manchester City mascot. üíôÔ∏è‚öΩÔ∏è

https://t.co/TRLp6M4m6G",64,BBC
0.0,Mon Sep 17 09:04:06 +0000 2018,1.0,0.0,0.0,"Your week, as told by @louistheroux...

https://t.co/S4y4TzziDY",65,BBC
0.599,Mon Sep 17 08:02:03 +0000 2018,0.755,0.0,0.245,This spectacular 'super bloom' has transformed the South African desert. üå∫üåªüå∏  https://t.co/CQwGUcetkj https://t.co/XHT1h9ycAV,66,BBC
0.572,Mon Sep 17 07:31:08 +0000 2018,0.879,0.0,0.121,"‚úÖ Courgetti spaghetti
‚úÖ Chicken kebab wrap
‚úÖ Vegetable curry

These recipes for students are delicious and a doddle‚Ä¶ https://t.co/9geDMjS3RJ",67,BBC
0.0,Mon Sep 17 07:03:05 +0000 2018,1.0,0.0,0.0,"üåßÔ∏è ü§î This man claims he can control the rain, so @BBCAfrica put him to the test...

https://t.co/FKZTK9Zzoe",68,BBC
0.477,Sun Sep 16 19:17:07 +0000 2018,0.838,0.0,0.162,Riding on some types of roller-coaster is an effective way of removing kidney stones. üé¢üè• https://t.co/kpRbQFUbSq https://t.co/cBJWvkx7OZ,69,BBC
0.0,Sun Sep 16 17:04:06 +0000 2018,1.0,0.0,0.0,From overnight oats to kids' fruit cobbler: here are some quick and simple blackberry recipes.  üòç‚Ä¶ https://t.co/R3NOxFaED1,70,BBC
0.0,Sun Sep 16 16:02:03 +0000 2018,1.0,0.0,0.0,From Viola Davis to Robert Pattinson: these are the stars who 'regret' their big roles. https://t.co/jfEkKsKryO https://t.co/yD6fxIOBXg,71,BBC
0.0,Sun Sep 16 15:03:04 +0000 2018,1.0,0.0,0.0,"""You cannot make clothes without pockets!"" 

Miriam getting a makeover is everything. ‚ù§Ô∏èÔ∏è

https://t.co/WfjTPgFROW",72,BBC
-0.153,Sun Sep 16 14:04:05 +0000 2018,0.676,0.176,0.149,A new scientific study suggests that there are strong similarities between near death experiences and psychedelic d‚Ä¶ https://t.co/xgw82FQzeZ,73,BBC
0.0,Sun Sep 16 14:01:39 +0000 2018,1.0,0.0,0.0,RT @BBCSport: We ‚ù§Ô∏è Vera! https://t.co/4jTELqBPBv,74,BBC
0.598,Sun Sep 16 13:02:01 +0000 2018,0.777,0.0,0.223,"This is unbelievable! üëïüì≤Ô∏è‚öΩÔ∏è

Sam is 17 and sells clothes to the likes of @paulpogba, @kylewalker2 and @aubameyang7.

https://t.co/OcXmoK4IlQ",75,BBC
-0.772,Sun Sep 16 11:02:07 +0000 2018,0.717,0.283,0.0,"""If someone offered me my arms back, I wouldn't take them"".

Seok Chang-woo lost both arms in a horrific accident,‚Ä¶ https://t.co/32iRbW38uV",76,BBC
0.557,Sun Sep 16 10:03:03 +0000 2018,0.66,0.0,0.34,"üòÇüòÇüòÇ @kenjeong's laugh is ICONIC. 

@crazyrichmovie @aliplumb

https://t.co/WQu5bdPeQP",77,BBC
0.659,Sun Sep 16 09:50:43 +0000 2018,0.747,0.0,0.253,"Space race! üöÄüèÉ‚≠êÔ∏è

@usainbolt is just as great at running in zero gravity...

https://t.co/JRVh3a5TZZ",78,BBC
0.459,Sun Sep 16 08:37:46 +0000 2018,0.875,0.0,0.125,"RT @bbcthree: All your fav bits from Ep 1 in one tasty vid.

The #KillingEve boxset is on BBC Three iPlayer now. https://t.co/Fzw1UJZApc",79,BBC
0.0,Sun Sep 16 08:03:03 +0000 2018,1.0,0.0,0.0,‚ÄúSingapore is a character in this film‚Äù: @gemma_chan talks to Steve Wright about her role in #CrazyRichAsians. üé¨üçø‚Ä¶ https://t.co/A2AjFScRV0,80,BBC
0.0,Mon Sep 10 12:03:05 +0000 2018,1.0,0.0,0.0,Ever heard of Tambourelli? https://t.co/gt2tmnOTQa,81,BBC
0.0,Mon Sep 10 11:29:29 +0000 2018,1.0,0.0,0.0,RT @BBCOne: NEWS JUST IN: Filming begins this week on the fifth and final series of #Poldark. Head here for more üëâ https://t.co/Js6OtCRxK8‚Ä¶,82,BBC
-0.153,Mon Sep 10 11:05:08 +0000 2018,0.789,0.118,0.092,"Insects will be at the heart of worldwide crop losses as the climate warms up, predicts a US study.
üëâ‚Ä¶ https://t.co/t317WjY16V",83,BBC
-0.477,Mon Sep 10 10:16:52 +0000 2018,0.697,0.206,0.098,üèÑ¬†A surfer has tracked down the stranger who saved his life when he broke his neck in a surfing accident after a Fa‚Ä¶ https://t.co/tLrFxL8q91,84,BBC
0.894,Mon Sep 10 09:03:39 +0000 2018,0.705,0.0,0.295,"RT @BBCR1: üéâ #R1TEENAWARDS 2018 üéâ

This is going to be HUGE! Performing at this year's Teen Awards üëá

‚≠êÔ∏è @LittleMix
‚≠êÔ∏è @5SOS
‚≠êÔ∏è @HRVY
‚≠êÔ∏è @J‚Ä¶",85,BBC
0.128,Mon Sep 10 08:59:29 +0000 2018,0.789,0.079,0.133,"RT @BBCRadio2: Did @kylieminogue play your favourite Kylie song tonight?

If you missed the Hyde Park headline set or if you want to step b‚Ä¶",86,BBC
0.44,Mon Sep 10 08:00:08 +0000 2018,0.868,0.0,0.132,Two London police officers have set up a bike project scheme to improve relations between local police and young pe‚Ä¶ https://t.co/Uh38yxESnp,87,BBC
0.422,Mon Sep 10 07:27:03 +0000 2018,0.797,0.0,0.203,‚ö°Ô∏èüöÇ How the Hogwarts Express was saved from a Welsh scrapyard. https://t.co/7SGdI4Qql3 https://t.co/AUUCW6uVka,88,BBC
0.502,Mon Sep 10 07:00:05 +0000 2018,0.847,0.0,0.153,"""Michael doesn't speak to me in words but I feel like we communicate through our own little language."" 
(via‚Ä¶ https://t.co/qiBQEYrKlY",89,BBC
0.226,Sun Sep 09 18:05:00 +0000 2018,0.909,0.0,0.091,This family *might* own an abstract sculpture worth hundreds of thousands... if it weren't for the cat knocking it‚Ä¶ https://t.co/yg9TVb27rs,90,BBC
0.42,Sun Sep 09 17:03:05 +0000 2018,0.741,0.0,0.259,Next time you're passing a goat - remember to smile! üòähttps://t.co/TgdjINT4BS,91,BBC
0.457,Sun Sep 09 16:10:02 +0000 2018,0.786,0.0,0.214,"üòÇ‚úàÔ∏èüéÅShould you buy holiday gifts for co-workers? @JoshWiddicombe doesn't think so! 

https://t.co/GdVPf7puPX",92,BBC
0.44,Sun Sep 09 15:06:02 +0000 2018,0.775,0.0,0.225,‚ù§Ô∏è An unlikely friendship that will melt your heart. https://t.co/DVpVhIssTc,93,BBC
0.273,Sun Sep 09 14:35:05 +0000 2018,0.896,0.0,0.104,"üé∂üé§How well do you know your 90s boy bands and girl groups? Test your knowledge ‚û°Ô∏è

https://t.co/5FhHCSMkf0 https://t.co/rd3tkjSJoM",94,BBC
-0.422,Sun Sep 09 13:04:06 +0000 2018,0.859,0.141,0.0,"There are 15 methods of contraception available on the NHS, but no contraceptive is 100% reliable.
üëâ‚Ä¶ https://t.co/pmVBULg4Vx",95,BBC
0.611,Sun Sep 09 12:07:02 +0000 2018,0.8,0.0,0.2,"RT @bbcgetinspired: Sir Mo Farah wins the #GreatNorthRun for the fifth consecutive year!

Live: https://t.co/fiyzhsUDpF
#GreatNorthRun http‚Ä¶",96,BBC
0.0,Sun Sep 09 12:03:06 +0000 2018,1.0,0.0,0.0,Can you guess the secret ingredient that magically turns into #vegan mayo? https://t.co/d8oB0dlkWR,97,BBC
0.153,Sun Sep 09 11:07:06 +0000 2018,0.849,0.0,0.151,"Yeah, but where are you REALLY from?
(via @BBCThree) https://t.co/EL59Zgnjxz",98,BBC
0.0,Sun Sep 09 10:12:04 +0000 2018,1.0,0.0,0.0,RT @bbcgetinspired: Simply incredible scenes at the #GreatNorthRun. üôå #GetInspired https://t.co/O3m5XnhJKB,99,BBC
0.0,Sun Sep 09 09:04:04 +0000 2018,1.0,0.0,0.0,"The UK plans to end coal-fired electricity by 2025. 
But what happens to the massive plants left behind?
üëâ‚Ä¶ https://t.co/D75CRYZ02P",100,BBC
0.0,Fri Sep 28 22:22:01 +0000 2018,1.0,0.0,0.0,"On @colbertlateshow, @TheNeighborhood's @CedEntertainer and Stephen recall the first time they met on a night when‚Ä¶ https://t.co/vjz1zVg4sR",1,CBS
0.0,Fri Sep 28 20:16:14 +0000 2018,1.0,0.0,0.0,".@happytogether's @wayansjr, @HereIsGina &amp; @latelateshow discuss the pros and cons of living with a pop star. Con:‚Ä¶ https://t.co/PLXFxfheW7",2,CBS
0.0,Fri Sep 28 17:52:41 +0000 2018,1.0,0.0,0.0,"If you haven't seen @SEALTeamCBS, make it your mission to know them before the #SEALTeam Season 2 premiere October‚Ä¶ https://t.co/NhCPI3lZSV",3,CBS
0.0,Fri Sep 28 16:51:50 +0000 2018,1.0,0.0,0.0,"‚ö°Ô∏è ‚ÄúMurphy Brown Returns to CBS‚Äù

https://t.co/3vsAg7WcB1",4,CBS
0.0,Thu Sep 27 20:19:18 +0000 2018,1.0,0.0,0.0,.@TheNeighborhood's @iamgreenfield revealing his Fiddler on the Roof goals on @latelateshow will be the earworm you‚Ä¶ https://t.co/swbh8HPwA1,5,CBS
0.0,Thu Sep 27 20:01:53 +0000 2018,1.0,0.0,0.0,RT @MurphyBrownCBS: A moment 20 years in the making all comes down to this. #MurphyBrown returns to @CBS tonight! https://t.co/tWSMFM3YbG,6,CBS
0.0,Thu Sep 27 17:19:16 +0000 2018,1.0,0.0,0.0,"Candice Bergen tells @colbertlateshow the presidential way tonight's @MurphyBrownCBS premiere imitates life, albeit‚Ä¶ https://t.co/4Kbk8gt6nS",7,CBS
-0.34,Thu Sep 27 16:58:08 +0000 2018,0.581,0.25,0.169,@marlagardner222 @jay_hernandez Good idea. The theme song is a dead giveaway. üòâ,8,CBS
0.0,Thu Sep 27 00:44:13 +0000 2018,1.0,0.0,0.0,@queenmama7777 @CBSAllAccess We believe in you! https://t.co/ZK0xaPRxVr,9,CBS
0.0,Thu Sep 27 00:42:15 +0000 2018,1.0,0.0,0.0,@BSkyjackcity @jokersupdates @CBSAllAccess On it. https://t.co/yxKX9ry7fw,10,CBS
0.114,Wed Sep 26 21:49:27 +0000 2018,0.929,0.0,0.071,Sixteen houseguests entered and now it's down to the Final 3. Don't miss a second of the 90-minute #BB20Finale toni‚Ä¶ https://t.co/KwDHR9Hfqu,11,CBS
0.625,Wed Sep 26 19:57:54 +0000 2018,0.779,0.0,0.221,"The tribe has spoken, and they do a pretty decent @JeffProbst impression just in time for the @survivorcbs Season P‚Ä¶ https://t.co/2Ps8VKblay",12,CBS
0.0,Wed Sep 26 17:25:43 +0000 2018,1.0,0.0,0.0,"‚ö°Ô∏è ‚ÄúFBI Premieres on CBS‚Äù

https://t.co/faL6iHZc5g",13,CBS
-0.271,Tue Sep 25 21:10:56 +0000 2018,0.764,0.138,0.098,"RT @CBSAllAccess: A night of crime dramas?! Oh yes. üôå Stream @NCIS_CBS, @FBICBS &amp; @NCISNewOrleans starting at 8/7c on CBS All Access: https‚Ä¶",14,CBS
-0.226,Tue Sep 25 20:31:45 +0000 2018,0.909,0.091,0.0,"Before @FBICBS premieres tonight, @mperegrym stopped by @CBSThisMorning to talk about her role as an FBI agent in t‚Ä¶ https://t.co/CPVki4Hv8y",15,CBS
0.0,Tue Sep 25 19:54:26 +0000 2018,1.0,0.0,0.0,RT @CBSAllAccess: üö® @PatrickBrammall. Tim Meadows. @jessicaalba. @iamgreenfield. @AHWAmySedaris. @ChrisGethard. @JoeManganiello. AND SO MAN‚Ä¶,16,CBS
0.79,Tue Sep 25 19:45:33 +0000 2018,0.709,0.0,0.291,RT @bigbangtheory: Happy #NationalComicBookDay from Sheldon and his many shirts! How are you sporting your favorite superhero today? #BigBa‚Ä¶,17,CBS
0.0,Tue Sep 25 18:34:26 +0000 2018,1.0,0.0,0.0,"‚ö°Ô∏è ‚ÄúMagnum P.I. Premieres on CBS‚Äù

https://t.co/UtbQlcDG8S",18,CBS
0.0,Tue Sep 25 18:05:31 +0000 2018,1.0,0.0,0.0,".@jay_hernandez went on @latelateshow to talk about @MagnumPICBS, but he may have gotten @TiffanyHaddish as a surf‚Ä¶ https://t.co/a3acRu10aw",19,CBS
0.0,Mon Sep 24 18:56:15 +0000 2018,1.0,0.0,0.0,"RT @60Minutes: 60 Minutes turns 50 today. Tick, tick, tick ... https://t.co/3CVKEs9J7F",20,CBS
-0.226,Sun Sep 09 23:36:09 +0000 2018,0.917,0.083,0.0,"Due to an NFL overrun, CBS is delayed 17 mins in the following markets: Kansas City, Miami, Tampa, NOLA, New York,‚Ä¶ https://t.co/9eXZ9mA1Xb",21,CBS
0.67,Sun Sep 09 14:00:00 +0000 2018,0.744,0.0,0.256,Are you ready for some football? üèà Stream your favorite NFL games LIVE on #CBSAllAccess today:‚Ä¶ https://t.co/eHt8guHoyv,22,CBS
0.422,Sat Sep 08 16:20:43 +0000 2018,0.851,0.0,0.149,An unforgettable night of inspiring stories and performances highlighting the 10 years of impact #StandUpToCancer c‚Ä¶ https://t.co/8bp2XNKwfH,23,CBS
0.0,Sat Sep 08 00:00:00 +0000 2018,1.0,0.0,0.0,The star-studded event is about to begin! Tune in now to watch #StandUpToCancer on CBS and @cbsallaccess. https://t.co/cD8TJuQBog,24,CBS
-0.541,Fri Sep 07 23:15:09 +0000 2018,0.712,0.196,0.092,"RT @cbsallaccess: Join #TellMeAStory's @daniellemcam, @BillyMagnussen &amp; Dorian Missick by standing up to cancer! Watch @SU2C tonight at 8/7‚Ä¶",25,CBS
0.0,Fri Sep 07 21:50:51 +0000 2018,1.0,0.0,0.0,Tune in to a first-of-its-kind digital live show as lead up to @SU2C‚Äôs televised event tonight! The show will featu‚Ä¶ https://t.co/hIVaLAXYmR,26,CBS
-0.296,Thu Sep 06 22:10:49 +0000 2018,0.879,0.121,0.0,Hollywood legend Burt Reynolds has passed away at the age of 82. He will be missed. https://t.co/HSmcJ9X9iC,27,CBS
0.475,Thu Sep 06 19:00:01 +0000 2018,0.808,0.0,0.192,Here are @FBICBS‚Äô @JeremySisto and @EboneeReigne with a powerful message before #StandUpToCancer airs tomorrow! https://t.co/OCqh91N1OO,28,CBS
0.0,Wed Sep 05 21:00:00 +0000 2018,1.0,0.0,0.0,Here's everything you need to know before tuning into #StandUpToCancer this Friday at 8/7c: https://t.co/IT9ht84TZ1 https://t.co/OK4AOxw5mP,29,CBS
0.361,Wed Sep 05 17:32:40 +0000 2018,0.889,0.0,0.111,Survivor host @JeffProbst is here to break down the theme of #Survivor: David vs. Goliath before the new season beg‚Ä¶ https://t.co/8TcA200eFQ,30,CBS
0.691,Wed Sep 05 16:48:09 +0000 2018,0.467,0.0,0.533,"Thanks, @StephenAtHome. 
P.S. Nice beard. #LSSC https://t.co/wppVtfR9cL",31,CBS
0.422,Tue Sep 04 20:34:26 +0000 2018,0.865,0.0,0.135,The biggest names in entertainment are coming together once again for #StandUpToCancer this Friday at 8/7c on @CBS‚Ä¶ https://t.co/ntuGKLYvuW,32,CBS
0.651,Sat Sep 01 15:25:34 +0000 2018,0.829,0.0,0.171,RT @cbsallaccess: Stream #17 @WestVirginiaU vs. @UTKnoxville LIVE today at 3:30PM ET on CBS All Access! Try 1 month FREE using code BINGENO‚Ä¶,33,CBS
0.0,Fri Aug 31 21:26:49 +0000 2018,1.0,0.0,0.0,"In just one week, @RWitherspoon, @McConaughey, Jennifer Garner, and more will attend the #‚ÄãStandUpToCancer fundrais‚Ä¶ https://t.co/iHKGOoWejA",34,CBS
0.0,Fri Aug 31 18:01:01 +0000 2018,1.0,0.0,0.0,"Believe in miracles. Watch this sneak peek of the complete premiere episode of @GodFriendedMe now, a month before i‚Ä¶ https://t.co/5AIUH5VmMk",35,CBS
-0.691,Thu Aug 30 19:45:51 +0000 2018,0.761,0.239,0.0,"RT @cbsallaccess: Money. Murder. Mystery. #OneDollar is now streaming, exclusively on CBS All Access. https://t.co/3qFdTEmVU5 https://t.co/‚Ä¶",36,CBS
0.624,Thu Aug 30 15:32:47 +0000 2018,0.83,0.0,0.17,RT @GodFriendedMe: It's a godsend! We're dropping the #GodFriendedMe pilot tomorrow right here on Twitter for you to stream a full month be‚Ä¶,37,CBS
0.0,Mon Aug 27 23:36:57 +0000 2018,1.0,0.0,0.0,"It's almost time for sweater weather, pumpkin spice lattes, and CBS Fall TV premieres. Check out the storylines for‚Ä¶ https://t.co/BpgDyYl8fc",38,CBS
-0.439,Fri Aug 24 20:30:16 +0000 2018,0.888,0.112,0.0,RT @cbsallaccess: #NFL preseason coverage is here! üèà The Detroit @Lions battle the Tampa Bay @Buccaneers tonight at 8PM ET. Stream the game‚Ä¶,39,CBS
0.0,Wed Aug 22 20:55:25 +0000 2018,1.0,0.0,0.0,"@bigbangtheory üé∂...happy kitty, sleepy kitty, purr purr purrüé∂ #TheBigBangTheory https://t.co/sEObppGJlZ",40,CBS
-0.402,Sun Aug 05 22:05:44 +0000 2018,0.886,0.114,0.0,"RT @cbsallaccess: From the writer of Scream, The Vampire Diaries and The Following, comes a modern day twist on classic fairy tales. 

#Tel‚Ä¶",41,CBS
-0.691,Sun Aug 05 22:00:47 +0000 2018,0.793,0.207,0.0,"RT @cbsallaccess: Small town. Big murder. Follow the Money. 

#OneDollar premieres August 30, exclusively on CBS All Access. https://t.co/T‚Ä¶",42,CBS
0.0,Sun Aug 05 21:48:41 +0000 2018,1.0,0.0,0.0,RT @cbsallaccess: That's a wrap on the #TellMeAStory panel! @GodFriendedMe is up next! #TCA18 #CBSAllAccess,43,CBS
0.856,Sun Aug 05 21:48:36 +0000 2018,0.714,0.0,0.286,"RT @cbsallaccess: ""What I love about New York City - besides being the best city in the world - it's textural, it's real, it has everything‚Ä¶",44,CBS
0.599,Sun Aug 05 21:48:29 +0000 2018,0.766,0.0,0.234,RT @cbsallaccess: Who's ready to see @KimCattrall play @daniellemcam's (AKA Little Red Riding Hood) grandmother? #TellMeAStory #TCA18 #CBSA‚Ä¶,45,CBS
0.612,Sun Aug 05 21:31:15 +0000 2018,0.792,0.0,0.208,"RT @cbsallaccess: ""What I like about this show is that there's nothing else on TV like it right now."" -@kevwilliamson #TellMeAStory #TCA18‚Ä¶",46,CBS
-0.275,Sun Aug 05 20:58:52 +0000 2018,0.742,0.153,0.105,"RT @MurphyBrownCBS: According to Candice Bergen and Diane English, there's never been a more perfect time to revive #MurphyBrown! https://t‚Ä¶",47,CBS
0.0,Sun Aug 05 20:56:17 +0000 2018,1.0,0.0,0.0,"RT @MurphyBrownCBS: #MurphyBrown has always been a political show, and that won't change! Read on about how the show plans to cover hot top‚Ä¶",48,CBS
-0.459,Sun Aug 05 20:10:33 +0000 2018,0.875,0.125,0.0,"RT @FBICBS: ""People are going to get a very realistic view of how that office operates and the stresses. It's a zero-tolerance FBI office.‚Ä¶",49,CBS
0.0,Sun Aug 05 19:43:38 +0000 2018,1.0,0.0,0.0,Stay tuned for more #CBS #TCA18 action! The @cbsallaccess panel is up next. üëçüèº https://t.co/fcjiEwpaN0,50,CBS
0.0,Sun Aug 05 19:22:22 +0000 2018,1.0,0.0,0.0,"RT @FBICBS: #FBIFam, this should cure your #SundayScaries! Check out the #FBI preview that was shown at the #CBS #TCA18 before the panel. h‚Ä¶",51,CBS
0.625,Sun Aug 05 19:21:28 +0000 2018,0.796,0.0,0.204,"RT @TheNeighborhood: ""Once we shot the pilot, we knew that we had a great show."" -@CedEntertainer #TheNeighborhood #CBS",52,CBS
0.138,Sun Aug 05 19:16:45 +0000 2018,0.823,0.079,0.098,"RT @TheNeighborhood: ""It was so well done, as far as I was concerned, that it became a no brainer to do the show. I called the next morning‚Ä¶",53,CBS
0.0,Sun Aug 05 19:15:53 +0000 2018,1.0,0.0,0.0,"RT @TheNeighborhood: ""This is a show about people. This is a show about families, neighbors, friendships... At its core, this is a show abo‚Ä¶",54,CBS
0.459,Sun Aug 05 18:54:24 +0000 2018,0.818,0.0,0.182,"RT @TheNeighborhood: We're here at the #CBS #TCA18 giving you the inside scoop on #TheNeighborhood with our stars @CedEntertainer, @Tichina‚Ä¶",55,CBS
0.0,Sun Aug 05 18:01:09 +0000 2018,1.0,0.0,0.0,RT @MurphyBrownCBS: That's a wrap on the #MurphyBrown panel at #TCA18! @TheNeighborhood is up next! #CBS,56,CBS
0.0,Sun Aug 05 17:55:07 +0000 2018,1.0,0.0,0.0,"RT @MurphyBrownCBS: Diane English reveals ""We have an enormously famous person in our first episode,"" but keeps the secret under wraps! üôä #‚Ä¶",57,CBS
0.0,Sun Aug 05 17:51:13 +0000 2018,1.0,0.0,0.0,"RT @MurphyBrownCBS: Diane English talks about how to stay topically relevant while writing scripts ahead of time &amp; also said, ""We have an i‚Ä¶",58,CBS
0.0,Sun Aug 05 17:47:01 +0000 2018,1.0,0.0,0.0,RT @MurphyBrownCBS: All the feels! ‚ù§Ô∏è #MurphyBrown returns to #CBS this fall! https://t.co/OvQk3CV49W,59,CBS
-0.002,Sun Aug 05 17:39:48 +0000 2018,0.853,0.074,0.073,"RT @MurphyBrownCBS: ""It's been very emotional for the old guys... We saw Murphy's townhouse and we all got tears in our eyes."" -Candice Ber‚Ä¶",60,CBS
0.757,Wed Jun 27 14:00:01 +0000 2018,0.711,0.0,0.289,"It looks like you...

(‚Ä¢_‚Ä¢)
( ‚Ä¢_‚Ä¢)&gt;‚åê‚ñ†-‚ñ†
(‚åê‚ñ†_‚ñ†)

Have a lot of TV to watch!

Celebrate #NationalSunglassesDay with H‚Ä¶ https://t.co/Babt4ajIgV",61,CBS
0.557,Mon Jun 25 18:20:25 +0000 2018,0.796,0.0,0.204,The world will finally know the truth. ‚òÑÔ∏è Make sure to tune in to the heart-pounding Season 2 premiere of‚Ä¶ https://t.co/mqMleW90DY,62,CBS
0.187,Fri Jun 22 21:19:06 +0000 2018,0.902,0.0,0.098,Tonight's the night! Don't miss model @ashleygraham on the season finale of Celebrity @undercover_cbs at 8/7c. https://t.co/iBxAOcOF7a,63,CBS
0.42,Fri Jun 22 18:33:53 +0000 2018,0.811,0.0,0.189,"Every day is #TakeYourDogToWorkDay for shows like @HawaiiFive0CBS, @MomCBS, @SEALTeamCBS, and @bigbangtheory! https://t.co/DJaOt1VQcw",64,CBS
0.493,Thu Jun 21 23:29:50 +0000 2018,0.803,0.0,0.197,"Lights, camera, selfie! üì∏¬†Could there be a better photo for #NationalSelfieDay? https://t.co/14Ewx64yKC",65,CBS
0.356,Wed Jun 20 00:39:01 +0000 2018,0.68,0.122,0.199,There‚Äôs nothing quite like watching a contestant win a brand new car on @PriceIsRight. üëè  https://t.co/aKlFikYAMM,66,CBS
0.0,Mon Jun 18 20:27:50 +0000 2018,1.0,0.0,0.0,Time to make your predictions for #BB20! üëè Get to know the @CBSBigBrother Houseguests before the big premiere next‚Ä¶ https://t.co/jlpIchJ9sk,67,CBS
0.0,Mon Jun 18 15:00:46 +0000 2018,1.0,0.0,0.0,RT @CBSBigBrother: Meet the cast of #BB20... before anyone else! Start streaming all their live interviews beginning at 11am EST/8am PST on‚Ä¶,68,CBS
0.939,Sun Jun 17 13:00:01 +0000 2018,0.507,0.0,0.493,"Today and every day we celebrate their love, guidance, and support. Happy #FathersDay to every kind of dad! https://t.co/Wffax1khBH",69,CBS
0.36,Fri Jun 15 18:48:29 +0000 2018,0.872,0.0,0.128,"Casting Alert! @paulwesley, @DaniaJRamirez &amp; @JamesWolk are set to star in the upcoming CBS All Access psychologica‚Ä¶ https://t.co/JnZMrzT92n",70,CBS
-0.296,Thu Jun 14 17:30:00 +0000 2018,0.833,0.167,0.0,"In case you missed it, watch the entire #TonyAwards now: https://t.co/Bm0yNV3Ff3 https://t.co/h3YnFkmSQJ",71,CBS
0.178,Thu Jun 14 16:19:32 +0000 2018,0.734,0.12,0.147,RT @StrangeAngel: Mastermind or maniac? Explore the brilliant mind of Jack Parsons in #StrangeAngel. Now streaming on CBS All Access: https‚Ä¶,72,CBS
-0.556,Tue Jun 12 00:19:23 +0000 2018,0.551,0.315,0.134,"No pain, no gain, ALL Hart! Just one month until the premiere of @TKOCBS hosted by @KevinHart4real. https://t.co/C1yMCglxVn",73,CBS
0.509,Mon Jun 11 22:23:06 +0000 2018,0.829,0.0,0.171,"RT @TheNeighborhood: Welcome to #TheNeighborhood, @BethBehrs! The @2BrokeGirls star returns to @CBS in a new sitcom alongside @CedEntertain‚Ä¶",74,CBS
-0.296,Mon Jun 11 19:01:38 +0000 2018,0.833,0.167,0.0,"In case you missed it, watch the entire #TonyAwards now: https://t.co/Bm0yNV3Ff3 https://t.co/3GA5otlcPa",75,CBS
0.0,Mon Jun 11 14:00:37 +0000 2018,1.0,0.0,0.0,How do you know @SaraBareilles and @joshgroban's music? #TonyAwards https://t.co/POMXBORfUT,76,CBS
0.0,Mon Jun 11 06:19:36 +0000 2018,1.0,0.0,0.0,Here are all the performances from the 2018 #TonyAwards: https://t.co/gN4ItpFlRd https://t.co/fSMNBXKC9r,77,CBS
0.477,Mon Jun 11 06:04:41 +0000 2018,0.78,0.0,0.22,See the complete list of winners from the 2018 #TonyAwards: https://t.co/9XK6CGeber https://t.co/HkUIN4Quej,78,CBS
0.848,Mon Jun 11 03:10:33 +0000 2018,0.594,0.0,0.406,An end to a magical evening. The Band's Visit wins for Best Musical! #TonyAwards https://t.co/ODza97n8YH,79,CBS
0.92,Mon Jun 11 03:02:06 +0000 2018,0.537,0.0,0.463,Congratulations are in order for @TheKatrinaLenk! She just won for Best Leading Actress in a Musical. #TonyAwards https://t.co/t9bNvpiEmH,80,CBS
0.0,Fri May 18 21:00:01 +0000 2018,1.0,0.0,0.0,It's going down (literally) on the Season Finale of @HawaiiFive0CBS when a submarine appears off the coast of Waiki‚Ä¶ https://t.co/oD7Le5XUz6,81,CBS
0.36,Fri May 18 14:00:03 +0000 2018,0.849,0.0,0.151,"The #RoyalWedding is finally here, and you're invited! Join @CBSThisMorning‚Äôs @GayleKing and @etnow‚Äôs @KevinFrazier‚Ä¶ https://t.co/Q5xiRkXLUz",82,CBS
0.718,Thu May 17 23:44:27 +0000 2018,0.739,0.0,0.261,When the @LifeInPiecesCBS season finale is back-to-back episodes. üëè Get ready for double the laughs at 9/8c! https://t.co/SYW5UzXobv,83,CBS
0.187,Thu May 17 21:19:59 +0000 2018,0.907,0.0,0.093,Rules were made to be broken.üí• Don't miss the heart-pounding season finale of @swatcbs TONIGHT at 10/9c! https://t.co/NXLbeIrvcp,84,CBS
0.0,Thu May 17 19:12:51 +0000 2018,1.0,0.0,0.0,"Is it fall yet? Check out the first looks at our new fall shows and stars from the CBS Upfront!

https://t.co/l7GQVRzRFw",85,CBS
0.556,Thu May 17 13:00:00 +0000 2018,0.854,0.0,0.146,How many shows can you binge in a month? Find out with a 1 month free trial of CBS All Access! Use code STREAMITALL‚Ä¶ https://t.co/yccQppCaxC,86,CBS
0.75,Thu May 17 00:00:00 +0000 2018,0.758,0.0,0.242,"Save the dates! The CBS Fall lineup is here, and we're welcoming six new shows in addition to returning hits. Which‚Ä¶ https://t.co/f9PSQfpHL7",87,CBS
0.557,Wed May 16 22:56:24 +0000 2018,0.841,0.0,0.159,What happens when the friendliest guy in the Midwest moves his family next door to a not-so-friendly new LA neighbo‚Ä¶ https://t.co/KtEoNE3deL,88,CBS
0.38,Wed May 16 22:56:24 +0000 2018,0.89,0.0,0.11,"When @MurphyBrownCBS returns to the news world, things sure won't be what they used to be! The revival of the groun‚Ä¶ https://t.co/jJcgyqyDxL",89,CBS
0.34,Wed May 16 22:56:23 +0000 2018,0.888,0.0,0.112,"When decorated former Navy SEAL Thomas Magnum returns home to Hawaii, he embarks on a new mission: solving cases in‚Ä¶ https://t.co/6n2MWY3c2f",90,CBS
0.586,Wed May 16 22:56:23 +0000 2018,0.826,0.0,0.174,The ordinary turns extraordinary for this suburban couple when an exuberant young pop star unexpectedly moves in wi‚Ä¶ https://t.co/9xaAUSm5nm,91,CBS
0.84,Wed May 16 22:56:23 +0000 2018,0.6,0.0,0.4,An outspoken atheist's life takes a surprising turn when he accepts a social media friend request from God! Watch w‚Ä¶ https://t.co/EbVbL0SNDk,92,CBS
-0.459,Wed May 16 22:56:23 +0000 2018,0.577,0.26,0.163,"When danger threatens the nation, these elite agents risk their lives to keep it safe. Join them on the case when n‚Ä¶ https://t.co/LuSY0jXBf9",93,CBS
0.0,Wed May 16 22:56:22 +0000 2018,1.0,0.0,0.0,Meet the new shows coming to CBS this fall!,94,CBS
0.778,Wed May 16 21:46:07 +0000 2018,0.772,0.0,0.228,So much TV to love! ‚ù§Ô∏è Be sure to follow the shows of the CBS 2018-2019 primetime lineup and stay up-to-date on the‚Ä¶ https://t.co/lQwGtznj5i,95,CBS
0.296,Wed May 16 18:05:27 +0000 2018,0.905,0.0,0.095,"Every mission leaves its mark. Join us in the final mission to avenge Echo Team's deaths, tonight at 9/8c during th‚Ä¶ https://t.co/SlfprTVDgD",96,CBS
0.637,Wed May 16 13:52:57 +0000 2018,0.766,0.0,0.234,"Get ready for three new comedies, five new dramas and the return of the critically acclaimed @MurphyBrownCBS. Here'‚Ä¶ https://t.co/alHwUTRFKh",97,CBS
0.46,Wed May 16 13:24:14 +0000 2018,0.857,0.0,0.143,"RT @happytogether: When an international pop star moves into your house, life gets a little more interesting! @wayansjr, @AmberoniStevens a‚Ä¶",98,CBS
0.812,Wed May 16 13:23:26 +0000 2018,0.67,0.0,0.33,"RT @TheNeighborhood: You can‚Äôt pick your neighbors, but Calvin sure wishes he could! @CedEntertainer stars in the new comedy #TheNeighborho‚Ä¶",99,CBS
-0.206,Tue May 15 20:16:38 +0000 2018,0.821,0.109,0.07,Tonight's the night - Agent Dwayne Pride's fate will be revealed. Don't miss the special two-hour season finale of‚Ä¶ https://t.co/52amkSiNcA,100,CBS
0.0,Sat Sep 29 08:01:06 +0000 2018,1.0,0.0,0.0,"He was the only one in his family to survive the Holocaust, and he's pushing Oregon state legislators to mandate th‚Ä¶ https://t.co/WzvGKIqO9Q",1,CNN
0.0,Sat Sep 29 07:46:06 +0000 2018,1.0,0.0,0.0,"With six months to go before Britain formally leaves the European Union, Brexit has never looked more baffling | An‚Ä¶ https://t.co/LyMCpo7ZsR",2,CNN
-0.402,Sat Sep 29 07:31:00 +0000 2018,0.863,0.137,0.0,"She learned to swim at age 50 and now has 271 medals. Oh, and she's blind. https://t.co/6aE9ZfLp25 https://t.co/enpatLCJkN",3,CNN
-0.226,Sat Sep 29 07:16:06 +0000 2018,0.811,0.119,0.07,"China challenges Trump, saying the country will not be ""blackmailed or yield to pressure"" on trade‚Ä¶ https://t.co/gioWFMYrzQ",4,CNN
0.0,Sat Sep 29 07:06:02 +0000 2018,1.0,0.0,0.0,Residents in a community north of St. Louis got some news this week they've long wanted to hear. Radioactive materi‚Ä¶ https://t.co/iKftNAfkCR,5,CNN
0.0,Sat Sep 29 07:01:07 +0000 2018,1.0,0.0,0.0,"Scientists may have uncovered an entire new whale species that lived millions of years ago. 

Bones found at a land‚Ä¶ https://t.co/CPEci8kHtP",6,CNN
0.0,Sat Sep 29 06:46:02 +0000 2018,1.0,0.0,0.0,Alexandria Ocasio-Cortez and Bernie Sanders are two of the biggest names in Democratic politics. Watch The Point wi‚Ä¶ https://t.co/LU0hTZLkS6,7,CNN
0.66,Sat Sep 29 06:31:00 +0000 2018,0.748,0.0,0.252,"Called ""The Passion Diamond Shoes"", these gold and diamond-encrusted stilettos are believed to be the world's most‚Ä¶ https://t.co/SlWbYMBAVM",8,CNN
-0.91,Sat Sep 29 06:21:01 +0000 2018,0.545,0.455,0.0,Federal prosecutors will seek the death penalty against the suspect in New York's deadliest terror incident since 9‚Ä¶ https://t.co/ThwUJ8LqTj,9,CNN
0.69,Sat Sep 29 06:16:04 +0000 2018,0.76,0.0,0.24,"76% percent of registered voters say that Supreme Court appointments are ""very important"" to their vote in 2018, a‚Ä¶ https://t.co/nFA4qx6dBP",10,CNN
-0.202,Sat Sep 29 06:06:04 +0000 2018,0.917,0.083,0.0,"""I wanted him to be a hero,"" says one of the women who confronted Arizona Sen. Jeff Flake in a Capitol elevator https://t.co/lmupJy9O9D",11,CNN
-0.273,Sat Sep 29 06:01:05 +0000 2018,0.905,0.095,0.0,"Ted Turner is battling Lewy body dementia, the CNN founder revealed in an interview that will air over the weekend‚Ä¶ https://t.co/lujykXCSWx",12,CNN
0.318,Sat Sep 29 06:01:00 +0000 2018,0.887,0.0,0.113,"A woman who's paralyzed from the chest down can now consciously control her ability to walk, researchers say, thank‚Ä¶ https://t.co/6Ok6iqysN1",13,CNN
0.0,Sat Sep 29 05:53:02 +0000 2018,1.0,0.0,0.0,US elections observers in a fiercely-contested state governor election in Nigeria say they witnessed what appeared‚Ä¶ https://t.co/bJkSuLEhuW,14,CNN
0.361,Sat Sep 29 05:46:02 +0000 2018,0.857,0.0,0.143,Stepping into this Seoul cafe feels like entering the black-and-white world of a cartoon https://t.co/fKJfO91Bp0 vi‚Ä¶ https://t.co/pX1D1hCjb7,15,CNN
0.0,Sat Sep 29 05:46:00 +0000 2018,1.0,0.0,0.0,300 glowing drones illuminate the night sky in this choreographed spectacle https://t.co/B2RhWYaYzt https://t.co/u55NzjyaCD,16,CNN
0.153,Sat Sep 29 05:31:00 +0000 2018,0.882,0.0,0.118,Watch a seal slap a kayaker in the face -- with an octopus: https://t.co/o5zJ8GhVv8 https://t.co/DpY14vwL6v,17,CNN
-0.751,Sat Sep 29 05:27:37 +0000 2018,0.698,0.256,0.047,"‚ÄúI am tired of the daily chaos, the pettiness, the meanness that too often dominates the political discourse. We al‚Ä¶ https://t.co/QvRbz5c5qZ",18,CNN
-0.649,Sat Sep 29 05:16:07 +0000 2018,0.837,0.163,0.0,Half of the world's killer whales could be wiped out before the end of the century -- and it's because of pollution‚Ä¶ https://t.co/rAgxDbsEJ6,19,CNN
-0.806,Sat Sep 29 05:03:25 +0000 2018,0.723,0.277,0.0,At least 48 people are dead and more than 350 injured after a series of earthquakes and a tsunami hit the Indonesia‚Ä¶ https://t.co/RwzaqL0XIV,20,CNN
0.0,Sat Sep 29 01:59:30 +0000 2018,1.0,0.0,0.0,"RT @CuomoPrimeTime: Former Yale classmate of Brett Kavanaugh, Liz Swisher, describes him as ‚Äúone of the beer drinking boys,‚Äù saying she nev‚Ä¶",21,CNN
-0.273,Sat Sep 29 01:53:03 +0000 2018,0.905,0.095,0.0,"Ted Turner is battling Lewy body dementia, the CNN founder revealed in an interview that will air over the weekend‚Ä¶ https://t.co/8im8iY4DQf",22,CNN
0.0,Sat Sep 29 01:49:50 +0000 2018,1.0,0.0,0.0,The last abortion clinic in Kentucky can stay open after a federal judge threw out a state law on licensing agreeme‚Ä¶ https://t.co/O66Qb5GYLf,23,CNN
-0.886,Sat Sep 29 01:45:46 +0000 2018,0.606,0.394,0.0,"At least one person died and 10 were injured, according to Indonesia's Disaster Management Agency, after a series o‚Ä¶ https://t.co/JcvcWBAGNM",24,CNN
0.0,Sat Sep 29 01:41:05 +0000 2018,1.0,0.0,0.0,"He was the only one in his family to survive the Holocaust, and he's pushing Oregon state legislators to mandate th‚Ä¶ https://t.co/m8GZOV5qml",25,CNN
0.0,Sat Sep 29 01:36:00 +0000 2018,1.0,0.0,0.0,300 glowing drones illuminate the night sky in this choreographed spectacle https://t.co/B2RhWXTnHV https://t.co/z279VXXjjS,26,CNN
0.0,Sat Sep 29 01:31:06 +0000 2018,1.0,0.0,0.0,McDonald's is removing artificial additives from its burgers https://t.co/XiawloGSkD https://t.co/WPCdJlq4pS,27,CNN
0.273,Sat Sep 29 01:26:00 +0000 2018,0.896,0.0,0.104,SiriusXM is buying Pandora in a $3.5 billion all-stock deal. The deal will create the world's largest audio enterta‚Ä¶ https://t.co/ttyGjlJI28,28,CNN
0.0,Sat Sep 29 01:21:03 +0000 2018,1.0,0.0,0.0,Democrats seize on circumstantial July 1 theory for Kavanaugh and Ford | Analysis by CNN's Z. Byron Wolf‚Ä¶ https://t.co/20chDzhvrO,29,CNN
-0.557,Sat Sep 29 01:20:05 +0000 2018,0.847,0.153,0.0,"Marty Balin, singer and co-founder of the '60s psychedelic rock band Jefferson Airplane, has died at age 76, his pu‚Ä¶ https://t.co/MntdXj1Rjr",30,CNN
-0.891,Sat Sep 29 01:16:27 +0000 2018,0.594,0.406,0.0,"""I am sick of all the chaos and the nastiness of our politics. It's exhausting, and frankly, it's depressing."" Form‚Ä¶ https://t.co/iJotSt3dbH",31,CNN
0.391,Sat Sep 29 01:13:19 +0000 2018,0.825,0.052,0.123,"RT @AC360: Democrat @SenBlumenthal describes an almost ""sigh of relief"" that followed Sen. Flake's compromise, which he said may have avoid‚Ä¶",32,CNN
0.0,Sat Sep 29 01:10:08 +0000 2018,1.0,0.0,0.0,A study of 10th graders in southern California found that 61.7% of those who had used cannabis had tried at least t‚Ä¶ https://t.co/ojo5q6NF5D,33,CNN
-0.202,Sat Sep 29 01:07:40 +0000 2018,0.921,0.079,0.0,"Ana Maria Archila, one of two women who confronted Sen. Jeff Flake in an elevator, says she felt she had a message‚Ä¶ https://t.co/clYvGZVMjK",34,CNN
0.0,Sat Sep 29 01:01:02 +0000 2018,1.0,0.0,0.0,Scottish brewery BrewDog has canceled a series of planned events with US brewery Scofflaw over a Trump-related prom‚Ä¶ https://t.co/2H0XFdW75m,35,CNN
0.0,Sat Sep 29 00:57:49 +0000 2018,1.0,0.0,0.0,RT @AC360: Democratic @SenGillibrand tells @andersoncooper it was a ‚Äúday of hope‚Äù for many women and proof the ‚Äúpower of the #MeToo moment‚Äù‚Ä¶,36,CNN
-0.178,Sat Sep 29 00:56:00 +0000 2018,0.922,0.078,0.0,A long-lost warship has been discovered off the coast of China after an extensive hunt to track down relics from fr‚Ä¶ https://t.co/LO3Xms8sn2,37,CNN
0.294,Sat Sep 29 00:50:39 +0000 2018,0.846,0.0,0.154,"""What is... yes?"" A ""Jeopardy!"" contestant surprised his girlfriend with a marriage proposal https://t.co/tey6M6LEfv https://t.co/uGxjcmRLiK",38,CNN
0.273,Sat Sep 29 00:46:00 +0000 2018,0.884,0.0,0.116,Former presidential candidate Hillary Clinton made a surprise appearance in the first episode of the 'Murphy Brown'‚Ä¶ https://t.co/Hf6vZKt6R5,39,CNN
-0.202,Sat Sep 29 00:43:03 +0000 2018,0.93,0.07,0.0,"RT @AC360: Ana Maria Archila, who confronted Sen. Flake in an elevator, says she had a message he needed to hear.

‚ÄúI wanted him to really‚Ä¶",40,CNN
-0.273,Fri Sep 28 19:35:04 +0000 2018,0.905,0.095,0.0,"Ted Turner is battling Lewy body dementia, the CNN founder revealed in an interview that will air over the weekend‚Ä¶ https://t.co/hX8R83SZ52",41,CNN
-0.226,Fri Sep 28 19:31:05 +0000 2018,0.905,0.095,0.0,Here's a look at protests across the US over Brett Kavanaugh -- outside senators' offices and in public spaces https://t.co/xfCxGVfbkO,42,CNN
0.294,Fri Sep 28 19:17:09 +0000 2018,0.879,0.0,0.121,"President Trump says Christine Blasey Ford's testimony was ""very compelling"" and Brett Kavanaugh's was ""really some‚Ä¶ https://t.co/5NwBCIif4d",43,CNN
0.557,Fri Sep 28 19:10:18 +0000 2018,0.825,0.0,0.175,"When asked if he has considered a replacement for his Supreme Court nominee Brett Kavanaugh, President Trump says:‚Ä¶ https://t.co/NK0yhORGyX",44,CNN
0.153,Fri Sep 28 19:05:17 +0000 2018,0.918,0.0,0.082,"America's national parks are warming and drying up faster than the rest of the country, a new study finds‚Ä¶ https://t.co/x306qAZAKc",45,CNN
0.34,Fri Sep 28 18:58:37 +0000 2018,0.841,0.0,0.159,"""Millions of Americans could follow live something that looked like a search for truth, but only on the surface. ..‚Ä¶ https://t.co/Oiuz02fpgr",46,CNN
0.0,Fri Sep 28 18:45:54 +0000 2018,1.0,0.0,0.0,The 21 members of the Senate Judiciary Committee voted 11-10 on Friday to move Judge Brett Kavanaugh's nomination t‚Ä¶ https://t.co/QV9epe1wE7,47,CNN
0.557,Fri Sep 28 18:25:44 +0000 2018,0.854,0.0,0.146,"RT @CNNPolitics: President Donald Trump on delaying the vote to confirm Supreme Court nominee Brett Kavanaugh: ""I'm going to let the Senate‚Ä¶",48,CNN
0.123,Fri Sep 28 18:25:39 +0000 2018,0.937,0.0,0.063,"RT @CNNPolitics: GOP Sen. Lindsey Graham says he doesn't think the delay is necessary, but ""this is democracy."" Graham adds, ""If Jeff feels‚Ä¶",49,CNN
0.0,Fri Sep 28 18:24:35 +0000 2018,1.0,0.0,0.0,"The oldest known animal in the geological record has been identified, in a discovery that scientists are calling ""t‚Ä¶ https://t.co/1snomurdrw",50,CNN
-0.649,Fri Sep 28 18:21:01 +0000 2018,0.762,0.238,0.0,The Senate could be forced to delay a vote on Brett Kavanaugh‚Äôs confirmation after Republican Sen. Jeff Flake calle‚Ä¶ https://t.co/HFqzRINonR,51,CNN
0.743,Fri Sep 28 18:05:11 +0000 2018,0.73,0.0,0.27,BREAKING: The Senate Judiciary Committee has voted 11-10 along party lines to advance the nomination of Supreme Cou‚Ä¶ https://t.co/0Dla9bgziK,52,CNN
0.0,Fri Sep 28 17:44:00 +0000 2018,1.0,0.0,0.0,Meet DJ Switch: A 10-year-old girl from Ghana who wants to be a gynecologist when she grows up. Erica Armah Bra-Bul‚Ä¶ https://t.co/uLBAhN5FvQ,53,CNN
0.66,Fri Sep 28 17:37:00 +0000 2018,0.748,0.0,0.252,"Called ""The Passion Diamond Shoes"", these gold and diamond-encrusted stilettos are believed to be the world's most‚Ä¶ https://t.co/xPBrcEuF7r",54,CNN
0.153,Fri Sep 28 17:30:06 +0000 2018,0.918,0.0,0.082,"America's national parks are warming and drying up faster than the rest of the country, a new study shows https://t.co/WQApdHsWKz",55,CNN
-0.382,Fri Sep 28 17:27:00 +0000 2018,0.696,0.209,0.096,"The Securities and Exchange Commission is suing Tesla CEO Elon Musk for ""false and misleading"" statements to invest‚Ä¶ https://t.co/0yMy46rIwE",56,CNN
0.0,Fri Sep 28 17:19:36 +0000 2018,1.0,0.0,0.0,"A US Marine Corps F-35B jet has crashed in Beaufort County, South Carolina, near Marine Corp Air Station Beaufort,‚Ä¶ https://t.co/Y8KdB0hkQB",57,CNN
0.0,Fri Sep 28 17:10:12 +0000 2018,1.0,0.0,0.0,"These are the key senators in Kavanaugh's confirmation. What we know about how they'll vote:

Sen. Collins ‚ùì
Sen. M‚Ä¶ https://t.co/BZErZhy1l1",58,CNN
-0.527,Fri Sep 28 17:06:06 +0000 2018,0.794,0.206,0.0,BREAKING: An attack on Facebook discovered earlier this week exposed information on nearly 50 million of the social‚Ä¶ https://t.co/Tx8p7PBfSc,59,CNN
0.727,Fri Sep 28 17:00:53 +0000 2018,0.724,0.0,0.276,".@chefjoseandres remembers his good friend, Anthony Bourdain and their trip to Asturias, Spain on an all new‚Ä¶ https://t.co/gvJkT1Zniw",60,CNN
0.0,Fri Sep 28 08:01:00 +0000 2018,1.0,0.0,0.0,The company that owns Arby‚Äôs and Buffalo Wild Wings is buying drive-in burger joint Sonic for $2.3 billion‚Ä¶ https://t.co/HNgYwk5WZX,61,CNN
-0.226,Fri Sep 28 07:54:03 +0000 2018,0.905,0.095,0.0,"If Brett Kavanaugh were a woman, his tears during his testimony ""would likely be dismissed as overwrought, even hys‚Ä¶ https://t.co/sREEzHR8Mz",62,CNN
0.0,Fri Sep 28 07:47:04 +0000 2018,1.0,0.0,0.0,"The Wikipedia entry for ""Devil's Triangle"" was changed to match Brett Kavanaugh's answer during Kavanaugh-Ford hear‚Ä¶ https://t.co/j7nQ13Gzlf",63,CNN
0.0,Fri Sep 28 07:37:05 +0000 2018,1.0,0.0,0.0,A Boeing 737 aircraft carrying 47 people has crashed into the sea off a small island in Micronesia -- but all passe‚Ä¶ https://t.co/V7CM6o2Yki,64,CNN
0.34,Fri Sep 28 07:33:02 +0000 2018,0.862,0.0,0.138,Christine Blasey Ford's heartwrenching testimony prompted a visceral reaction. People shared their own stories of s‚Ä¶ https://t.co/gCHM045Qg7,65,CNN
0.25,Fri Sep 28 07:31:00 +0000 2018,0.9,0.0,0.1,From political refugee to CEO ‚Äî @PeterGeorgescu lived the American Dream and is now calling on corporate America to‚Ä¶ https://t.co/uVubOwXHUZ,66,CNN
0.557,Fri Sep 28 07:22:04 +0000 2018,0.816,0.0,0.184,2 or 3 senators will decide Supreme Court nominee Brett Kavanaugh's fate | Analysis by CNN's Z. Byron Wolf‚Ä¶ https://t.co/u4wjmRFNvZ,67,CNN
-0.758,Fri Sep 28 07:18:30 +0000 2018,0.698,0.302,0.0,"Combined birth control has been linked to a reduced risk for ovarian cancer, according to a new study https://t.co/laXLwAdiNR",68,CNN
0.128,Fri Sep 28 07:16:02 +0000 2018,0.923,0.0,0.077,"A Philadelphia law firm has sued Bill Cosby, seeking what it says are nearly $283,000 in unpaid legal fees‚Ä¶ https://t.co/Kb0hmx2dFW",69,CNN
0.557,Fri Sep 28 07:07:06 +0000 2018,0.806,0.0,0.194,A Friday morning committee vote could set up a quick confirmation for Supreme Court nominee Brett Kavanaugh‚Ä¶ https://t.co/rZkWJxvguM,70,CNN
-0.402,Fri Sep 28 07:01:00 +0000 2018,0.876,0.124,0.0,"The SEC has sued Tesla CEO Elon Musk, alleging he made ""false and misleading"" statements to investors. It's asking‚Ä¶ https://t.co/XB2vhRM6Cm",71,CNN
0.026,Fri Sep 28 06:57:07 +0000 2018,0.795,0.099,0.106,The US military's F-35B joint strike fighter conducted its first-ever airstrike on Thursday https://t.co/gZnv65JbBH,72,CNN
0.557,Fri Sep 28 06:52:03 +0000 2018,0.825,0.0,0.175,"Fred Guttenberg, the father of a slain Parkland student, said Supreme Court nominee Brett Kavanaugh's life is ""not‚Ä¶ https://t.co/svwZI4ia0G",73,CNN
0.0,Fri Sep 28 06:46:05 +0000 2018,1.0,0.0,0.0,10 takeaways from the Brett Kavanaugh-Christine Blasey Ford hearings | Analysis by @CillizzaCNN‚Ä¶ https://t.co/A6Oa05olGc,74,CNN
0.0,Fri Sep 28 06:36:06 +0000 2018,1.0,0.0,0.0,Cutting-edge research on an ancient mummy shows that Egyptians were embalming bodies in prehistoric times https://t.co/obhP8W2TMh,75,CNN
0.153,Fri Sep 28 06:31:00 +0000 2018,0.882,0.0,0.118,Watch a seal slap a kayaker in the face -- with an octopus: https://t.co/o5zJ8GzwTI https://t.co/tvqeFPC1Bd,76,CNN
0.557,Fri Sep 28 06:26:32 +0000 2018,0.833,0.0,0.167,The American Bar Association is calling on the Senate Judiciary Committee to halt the consideration of Supreme Cour‚Ä¶ https://t.co/gnFi9UbXgE,77,CNN
0.0,Fri Sep 28 06:16:00 +0000 2018,1.0,0.0,0.0,"The oldest known animal in the geological record has been identified, in a discovery that scientists are calling ""t‚Ä¶ https://t.co/a4AiGHhsUH",78,CNN
0.402,Fri Sep 28 06:01:07 +0000 2018,0.881,0.0,0.119,The US Air Force has awarded a $9.2 billion contract to Boeing to produce hundreds of trainer aircraft to replace i‚Ä¶ https://t.co/VcOfZ1Yoa2,79,CNN
-0.382,Fri Sep 28 05:48:05 +0000 2018,0.86,0.14,0.0,South Carolina National Guardsmen allowed deputies to drive around a barricade blocking a flooded road in the after‚Ä¶ https://t.co/oLz7ZSE808,80,CNN
0.0,Thu Sep 27 21:27:07 +0000 2018,1.0,0.0,0.0,The moments that defined Christine Blasey Ford's dramatic testimony https://t.co/Fzx8bvTl4J https://t.co/lrARm7TuVJ,81,CNN
0.178,Thu Sep 27 21:19:20 +0000 2018,0.634,0.19,0.176,GOP Sen. Lindsey Graham harshly criticized Democratic colleagues during questioning of Supreme Court nominee Brett‚Ä¶ https://t.co/AEeU2RCmz0,82,CNN
0.0,Thu Sep 27 21:16:20 +0000 2018,1.0,0.0,0.0,"The remains must still be identified by the medical examiner's office, but authorities indicated they believe they‚Ä¶ https://t.co/SFXCtw9gBW",83,CNN
-0.296,Thu Sep 27 21:13:56 +0000 2018,0.896,0.104,0.0,"The six-day search for Maddox Ritch, the 6-year-old boy with autism who went missing at a North Carolina park, ende‚Ä¶ https://t.co/lr1aub5KPO",84,CNN
0.844,Thu Sep 27 21:04:51 +0000 2018,0.627,0.0,0.373,‚ÄúI welcome whatever the committee wants to do because I'm telling the truth. ... I'm innocent. I‚Äôm innocent of this‚Ä¶ https://t.co/x8V2oRC1QO,85,CNN
0.382,Thu Sep 27 20:53:42 +0000 2018,0.741,0.093,0.167,Supreme Court nominee Brett Kavanaugh closes his opening statement with a denial of the accusation from Christine B‚Ä¶ https://t.co/pLBlP0gQHZ,86,CNN
0.153,Thu Sep 27 20:49:35 +0000 2018,0.932,0.0,0.068,"RT @CNNPolitics: Brett Kavanaugh gets emotional as he explains why he keeps calendars: ""I've kept such calendars, diaries for the last 38 y‚Ä¶",87,CNN
0.557,Thu Sep 27 20:47:28 +0000 2018,0.816,0.0,0.184,"""This confirmation process has become a national disgrace,"" Supreme Court nominee Brett Kavanaugh says as he testif‚Ä¶ https://t.co/Ilg3XyJ88H",88,CNN
0.719,Thu Sep 27 20:43:14 +0000 2018,0.727,0.0,0.273,"Supreme Court nominee Brett Kavanaugh: ""I will not be intimidated into withdrawing from this process. You've tried‚Ä¶ https://t.co/oln99yS1r5",89,CNN
0.557,Thu Sep 27 20:29:29 +0000 2018,0.825,0.0,0.175,"Supreme Court nominee Brett Kavanaugh testifies before the Senate Judiciary Committee: ""My family and my name have‚Ä¶ https://t.co/IQuS9tVJAE",90,CNN
-0.459,Thu Sep 27 19:59:17 +0000 2018,0.56,0.284,0.155,"Supreme Court nominee Brett Kavanaugh denies sexual assault allegations, saying that ""this confirmation process has‚Ä¶ https://t.co/bJQLd9qvMt",91,CNN
-0.586,Thu Sep 27 19:50:19 +0000 2018,0.826,0.174,0.0,Many listening to Christine Blasey Ford recount her story and allegations of sexual assault may find the testimony‚Ä¶ https://t.co/JxqnTvFc98,92,CNN
0.718,Thu Sep 27 19:30:09 +0000 2018,0.778,0.0,0.222,"RT @CNNnewsroom: ""It's not who I am. It is not who I was. I am innocent of this charge.‚Äù

President Trump‚Äôs Supreme Court nominee Brett Kav‚Ä¶",93,CNN
0.718,Thu Sep 27 19:28:54 +0000 2018,0.684,0.0,0.316,Supreme Court nominee Brett Kavanaugh is sworn in and giving his open statement https://t.co/btu7jRhCKF https://t.co/3pbhDTW9X4,94,CNN
0.557,Thu Sep 27 19:14:38 +0000 2018,0.816,0.0,0.184,"Supreme Court nominee Brett Kavanaugh is testifying before the Senate Judiciary Committee. Christine Blasey Ford, w‚Ä¶ https://t.co/mlpWtxeVyS",95,CNN
0.0,Thu Sep 27 19:07:59 +0000 2018,1.0,0.0,0.0,"Watch CNN's continued coverage of today‚Äôs Kavanaugh-Ford hearing at¬†https://t.co/9eyGMgsaH6¬†on your desktop, smartp‚Ä¶ https://t.co/iJrFITZtEi",96,CNN
-0.832,Thu Sep 27 19:01:47 +0000 2018,0.684,0.316,0.0,"""It's not great. ... But we're stuck with it."" Sen. John Cornyn expressed some frustration with the format of the S‚Ä¶ https://t.co/0rgFARFX33",97,CNN
0.0,Thu Sep 27 18:50:26 +0000 2018,1.0,0.0,0.0,"Republicans look on as Rachel Mitchell, a Republican prosecutor from Arizona, questions Christine Blasey Ford on th‚Ä¶ https://t.co/a7qbB3YHV0",98,CNN
0.0,Thu Sep 27 18:46:39 +0000 2018,1.0,0.0,0.0,The White House says President Trump's meeting with Deputy Attorney General Rod Rosenstein has been postponed‚Ä¶ https://t.co/yZw5WRCNqz,99,CNN
0.0,Thu Sep 27 18:40:23 +0000 2018,1.0,0.0,0.0,"RT @CNNPolitics: GOP Sen. Lindsey Graham: ‚ÄúAll I can say, is that we are 40 something days away from the elections and their goal, not Mrs.‚Ä¶",100,CNN
0.151,Sat Sep 29 01:56:28 +0000 2018,0.91,0.0,0.09,RT @HellsKitchenFOX: RETWEET if you want to dine with @GordonRamsay! üçΩ #HellsKitchen https://t.co/rK0hnfMGWf,1,FOX
0.459,Sat Sep 29 00:41:20 +0000 2018,0.667,0.0,0.333,You're welcome. üòâ #LastManStanding #TheCoolKids https://t.co/ozOIoTTsgt,2,FOX
0.0,Fri Sep 28 23:00:00 +0000 2018,1.0,0.0,0.0,Trying to describe your weekend plans to your co-workers... #Empire https://t.co/nbspn7Xwt2,3,FOX
0.0,Fri Sep 28 21:00:00 +0000 2018,1.0,0.0,0.0,The heat is turned all the way up. üî•üî•üî•Season 18 of #HellsKitchen premieres tonight at 9/8c! https://t.co/LjWFth8Da3,4,FOX
0.67,Fri Sep 28 19:26:24 +0000 2018,0.732,0.0,0.268,RT @LastManStanding: RETWEET if you're ready for the premiere of #LastManStanding TONIGHT at 8/7c! üéâ https://t.co/ITLRPPj9rV,5,FOX
0.493,Fri Sep 28 19:25:59 +0000 2018,0.667,0.106,0.227,RT @JennyChaban: Can't wait to see this show! üòÇ https://t.co/sjvr50P2DT,6,FOX
0.509,Fri Sep 28 19:25:52 +0000 2018,0.864,0.0,0.136,"RT @911onFOX: Bobby &amp; Athena's secret is officially OUT! 
üòç
What should be their ship name? üë®üèª‚ÄçüöíüëÆüèæ‚Äç‚ôÄÔ∏è #911onFOX https://t.co/pR416cdocV",7,FOX
0.0,Fri Sep 28 19:25:19 +0000 2018,1.0,0.0,0.0,...it is now! üòçüòçüòç #911onFOX https://t.co/Vz54dGKMp8,8,FOX
0.0,Fri Sep 28 19:24:17 +0000 2018,1.0,0.0,0.0,"RT @CinemaBlend: The new @FOXTV Friday kicks off tonight at 8PM with @LastManStanding, followed by @TheCoolKidsFOX and @HellsKitchenFOX. #g‚Ä¶",9,FOX
0.42,Fri Sep 28 18:00:02 +0000 2018,0.782,0.0,0.218,Get ready to meet the squad ‚Äî #TheCoolKids premieres tonight 8:30/7:30c! https://t.co/KoxqHgaVhv,10,FOX
0.509,Fri Sep 28 14:30:01 +0000 2018,0.732,0.0,0.268,Welcome home Baxter Family! #LastManStanding returns tonight at 8/7c. https://t.co/xPiCwSmk7r,11,FOX
0.0,Thu Sep 27 23:00:00 +0000 2018,1.0,0.0,0.0,Bust out those dance moves. #BobsBurgers is back this Sunday at 8:30/7:30! üï∫ https://t.co/bfQ8IfepK1,12,FOX
0.0,Thu Sep 27 20:30:00 +0000 2018,1.0,0.0,0.0,When your partner offers to buy you a few rounds after work. üçª#LethalWeapon https://t.co/3Xs09WSIWy,13,FOX
0.0,Thu Sep 27 17:30:00 +0000 2018,1.0,0.0,0.0,You've got to see it to believe it. #FamilyGuy returns Sunday at 9/8c! https://t.co/Ti1ot4JMIM,14,FOX
0.67,Thu Sep 27 14:00:02 +0000 2018,0.703,0.0,0.297,When you're giving one of your friends a ride for the first time. üöóüö® #911onFOX https://t.co/BoA0nqomDe,15,FOX
0.648,Thu Sep 27 02:59:49 +0000 2018,0.763,0.0,0.237,#Empire and #STAR supports the arts! Thank your arts educator by using #EmpireStarGivesBack or RTing this. We‚Äôll do‚Ä¶ https://t.co/USwwF8Ngcr,16,FOX
0.494,Wed Sep 26 23:00:00 +0000 2018,0.814,0.0,0.186,When your friend mentions they're opening a puppy park near the hospital. üê∂ #TheResident https://t.co/fJol8WMut5,17,FOX
-0.2,Wed Sep 26 20:30:00 +0000 2018,0.695,0.171,0.134,Already dreading the end of the weekend? Let #Rel make it better this Sunday at 9:30/8:30c! https://t.co/vEyguFAWXa,18,FOX
0.393,Wed Sep 26 17:00:02 +0000 2018,0.725,0.087,0.187,When your friends make midweek plans and you don't get an invite. üò©#FamilyGuy https://t.co/TzWyATgqCD,19,FOX
0.38,Wed Sep 26 12:30:00 +0000 2018,0.822,0.0,0.178,#STAR is back TONIGHT at 9/8c. Be sure to tune in! ‚≠êÔ∏è https://t.co/HCpwReMgIQ,20,FOX
0.0,Mon Sep 24 00:29:21 +0000 2018,1.0,0.0,0.0,@Mzfabulouspearl We're all out of #NationalPreparedness + üö® kits! Watch @911onFOX tonight and @ResidentFOX Mondays this fall!,21,FOX
0.0,Mon Sep 24 00:29:12 +0000 2018,1.0,0.0,0.0,@xx_alyssax We're all out of #NationalPreparedness + üö® kits! Watch @911onFOX tonight and @ResidentFOX Mondays this fall!,22,FOX
0.0,Mon Sep 24 00:29:06 +0000 2018,1.0,0.0,0.0,@jaredblock12 We're all out of #NationalPreparedness + üö® kits! Watch @911onFOX tonight and @ResidentFOX Mondays this fall!,23,FOX
0.0,Mon Sep 24 00:28:57 +0000 2018,1.0,0.0,0.0,@EvanReal1 We're all out of #NationalPreparedness + üö® kits! Watch @911onFOX tonight and @ResidentFOX Mondays this fall!,24,FOX
0.0,Mon Sep 24 00:28:08 +0000 2018,1.0,0.0,0.0,@gowrysudarsanan We're all out of #NationalPreparedness + üö® kits! Watch @911onFOX tonight and @ResidentFOX Mondays this fall!,25,FOX
0.0,Mon Sep 24 00:27:57 +0000 2018,1.0,0.0,0.0,@julia_bergeron We're all out of #NationalPreparedness + üö® kits! Watch @911onFOX tonight and @ResidentFOX Mondays this fall!,26,FOX
0.0,Mon Sep 24 00:27:32 +0000 2018,1.0,0.0,0.0,@RAVEoholic We're all out of #NationalPreparedness + üö® kits! Watch @911onFOX tonight and @ResidentFOX Mondays this fall!,27,FOX
0.0,Mon Sep 24 00:27:26 +0000 2018,1.0,0.0,0.0,@Zemindar1 We're all out of #NationalPreparedness + üö® kits! Watch @911onFOX tonight and @ResidentFOX Mondays this fall!,28,FOX
0.0,Mon Sep 24 00:26:59 +0000 2018,1.0,0.0,0.0,@visualdestini We're all out of #NationalPreparedness + üö® kits! Watch @911onFOX tonight and @ResidentFOX Mondays this fall!,29,FOX
0.0,Mon Sep 24 00:26:15 +0000 2018,1.0,0.0,0.0,@Irish85momma We're all out of #NationalPreparedness + üö® kits! Watch @911onFOX tonight and @ResidentFOX Mondays this fall!,30,FOX
0.0,Mon Sep 24 00:26:13 +0000 2018,1.0,0.0,0.0,@Emilylo45634291 We're all out of #NationalPreparedness + üö® kits! Watch @911onFOX tonight and @ResidentFOX Mondays this fall!,31,FOX
0.0,Mon Sep 24 00:26:06 +0000 2018,1.0,0.0,0.0,@DMcCollick We're all out of #NationalPreparedness + üö® kits! Watch @911onFOX tonight and @ResidentFOX Mondays this fall!,32,FOX
0.0,Mon Sep 24 00:25:43 +0000 2018,1.0,0.0,0.0,@This12Sassy4U We're all out of #NationalPreparedness + üö® kits! Watch @911onFOX tonight and @ResidentFOX Mondays this fall!,33,FOX
0.0,Mon Sep 24 00:25:11 +0000 2018,1.0,0.0,0.0,@IamHarritz We're all out of #NationalPreparedness + üö® kits! Watch @911onFOX tonight and @ResidentFOX Mondays this fall!,34,FOX
0.0,Mon Sep 24 00:24:36 +0000 2018,1.0,0.0,0.0,@benzac_blue We're all out of #NationalPreparedness + üö® kits! Watch @911onFOX tonight and @ResidentFOX Mondays this fall!,35,FOX
0.0,Mon Sep 24 00:24:24 +0000 2018,1.0,0.0,0.0,@BelBivDeVeau We're all out of #NationalPreparedness + üö® kits! Watch @911onFOX tonight and @ResidentFOX Mondays this fall!,36,FOX
0.0,Mon Sep 24 00:24:15 +0000 2018,1.0,0.0,0.0,@CindyClp83160 We're all out of #NationalPreparedness + üö® kits! Watch @911onFOX tonight and @ResidentFOX Mondays this fall!,37,FOX
0.0,Mon Sep 24 00:23:59 +0000 2018,1.0,0.0,0.0,@TonyBolongna We're all out of #NationalPreparedness + üö® kits! Watch @911onFOX tonight and @ResidentFOX Mondays this fall!,38,FOX
0.0,Mon Sep 24 00:23:42 +0000 2018,1.0,0.0,0.0,@xo_jennnaa We're all out of #NationalPreparedness + üö® kits! Watch @911onFOX tonight and @ResidentFOX Mondays this fall!,39,FOX
0.0,Mon Sep 24 00:23:26 +0000 2018,1.0,0.0,0.0,@weslynfugate We're all out of #NationalPreparedness + üö® kits! Watch @911onFOX tonight and @ResidentFOX Mondays this fall!,40,FOX
0.0,Mon Sep 24 00:09:41 +0000 2018,1.0,0.0,0.0,@ODedOnRealityTV We're all out of #NationalPreparedness + üö® kits! Watch @911onFOX tonight and @ResidentFOX Mondays this fall!,41,FOX
0.0,Mon Sep 24 00:09:27 +0000 2018,1.0,0.0,0.0,@dazedfflower We're all out of #NationalPreparedness + üö® kits! Watch @911onFOX tonight and @ResidentFOX Mondays this fall!,42,FOX
0.0,Mon Sep 24 00:09:24 +0000 2018,1.0,0.0,0.0,@ubaldo_garcia50 We're all out of #NationalPreparedness + üö® kits! Watch @911onFOX tonight and @ResidentFOX Mondays this fall!,43,FOX
0.0,Mon Sep 24 00:09:09 +0000 2018,1.0,0.0,0.0,@raverrraven We're all out of #NationalPreparedness + üö® kits! Watch @911onFOX tonight and @ResidentFOX Mondays this fall!,44,FOX
0.0,Mon Sep 24 00:09:03 +0000 2018,1.0,0.0,0.0,@Sushia We're all out of #NationalPreparedness + üö® kits! Watch @911onFOX tonight and @ResidentFOX Mondays this fall!,45,FOX
0.0,Mon Sep 24 00:08:32 +0000 2018,1.0,0.0,0.0,@egonzzz1122 We're all out of #NationalPreparedness + üö® kits! Watch @911onFOX tonight and @ResidentFOX Mondays this fall!,46,FOX
0.0,Mon Sep 24 00:08:18 +0000 2018,1.0,0.0,0.0,@kimmy639b We're all out of #NationalPreparedness + üö® kits! Watch @911onFOX tonight and @ResidentFOX Mondays this fall!,47,FOX
0.0,Mon Sep 24 00:08:03 +0000 2018,1.0,0.0,0.0,@Amber_DHolmes We're all out of #NationalPreparedness + üö® kits! Watch @911onFOX tonight and @ResidentFOX Mondays this fall!,48,FOX
0.0,Mon Sep 24 00:07:45 +0000 2018,1.0,0.0,0.0,@yamilgulo We're all out of #NationalPreparedness + üö® kits! Watch @911onFOX tonight and @ResidentFOX Mondays this fall!,49,FOX
0.0,Mon Sep 24 00:07:37 +0000 2018,1.0,0.0,0.0,@nellesworld We're all out of #NationalPreparedness + üö® kits! Watch @911onFOX tonight and @ResidentFOX Mondays this fall!,50,FOX
0.0,Mon Sep 24 00:07:20 +0000 2018,1.0,0.0,0.0,@MAYKOVER We're all out of #NationalPreparedness + üö® kits! Watch @911onFOX tonight and @ResidentFOX Mondays this fall!,51,FOX
0.0,Mon Sep 24 00:07:10 +0000 2018,1.0,0.0,0.0,@Fennyjaff We're all out of #NationalPreparedness + üö® kits! Watch @911onFOX tonight and @ResidentFOX Mondays this fall!,52,FOX
0.0,Mon Sep 24 00:06:56 +0000 2018,1.0,0.0,0.0,@galacticfuck We're all out of #NationalPreparedness + üö® kits! Watch @911onFOX tonight and @ResidentFOX Mondays this fall!,53,FOX
0.0,Mon Sep 24 00:06:54 +0000 2018,1.0,0.0,0.0,@amysp8 We're all out of #NationalPreparedness + üö® kits! Watch @911onFOX tonight and @ResidentFOX Mondays this fall!,54,FOX
0.0,Mon Sep 24 00:06:48 +0000 2018,1.0,0.0,0.0,@MeganCamp We're all out of #NationalPreparedness + üö® kits! Watch @911onFOX tonight and @ResidentFOX Mondays this fall!,55,FOX
0.0,Mon Sep 24 00:06:33 +0000 2018,1.0,0.0,0.0,@Bisbee_Ashley We're all out of #NationalPreparedness + üö® kits! Watch @911onFOX tonight and @ResidentFOX Mondays this fall!,56,FOX
0.0,Mon Sep 24 00:06:24 +0000 2018,1.0,0.0,0.0,@rahelaellaella We're all out of #NationalPreparedness + üö® kits! Watch @911onFOX tonight and @ResidentFOX Mondays this fall!,57,FOX
0.0,Mon Sep 24 00:06:07 +0000 2018,1.0,0.0,0.0,@s091209s We're all out of #NationalPreparedness + üö® kits! Watch @911onFOX tonight and @ResidentFOX Mondays this fall!,58,FOX
0.0,Mon Sep 24 00:05:23 +0000 2018,1.0,0.0,0.0,@cml926 We're all out of #NationalPreparedness + üö® kits! Watch @911onFOX tonight and @ResidentFOX Mondays this fall!,59,FOX
0.0,Mon Sep 24 00:05:23 +0000 2018,1.0,0.0,0.0,@Cteaweirdo We're all out of #NationalPreparedness + üö® kits! Watch @911onFOX tonight and @ResidentFOX Mondays this fall!,60,FOX
0.0,Sun Sep 23 23:55:54 +0000 2018,1.0,0.0,0.0,@DarkClaws23 You're almost there! Click https://t.co/0sprtnKhOi to confirm #NationalPreparedness + üö®,61,FOX
0.0,Sun Sep 23 23:55:54 +0000 2018,1.0,0.0,0.0,@shabbygabbyyy You're almost there! Click https://t.co/TMBHnQcREc to confirm #NationalPreparedness + üö®,62,FOX
0.361,Sun Sep 23 23:55:42 +0000 2018,0.839,0.0,0.161,@JasonWRocco Ready for #NationalPreparedness + üö®  Click here to confirm your order https://t.co/F2xngP5PPe,63,FOX
0.0,Sun Sep 23 23:55:42 +0000 2018,1.0,0.0,0.0,@G_Na14 Click to confirm your order https://t.co/nlNiJfOkbN #NationalPreparedness + üö® @911onFOX and @ResidentonFOX,64,FOX
0.801,Sun Sep 23 23:55:34 +0000 2018,0.556,0.0,0.444,@shelbykovant Congrats! You successfully ordered your #NationalPreparedness + üö® kit!,65,FOX
0.361,Sun Sep 23 23:54:57 +0000 2018,0.839,0.0,0.161,@mm34517940 Ready for #NationalPreparedness + üö®  Click here to confirm your order https://t.co/p92Tz91j36,66,FOX
0.801,Sun Sep 23 23:54:49 +0000 2018,0.556,0.0,0.444,@victorkid38 Congrats! You successfully ordered your #NationalPreparedness + üö® kit!,67,FOX
0.361,Sun Sep 23 23:54:47 +0000 2018,0.839,0.0,0.161,@Morena03111 Ready for #NationalPreparedness + üö®  Click here to confirm your order https://t.co/wttRBqD5HM,68,FOX
0.0,Sun Sep 23 23:54:18 +0000 2018,1.0,0.0,0.0,@shelbykovant Click to confirm your order https://t.co/DVva8t6ipH #NationalPreparedness + üö® @911onFOX and @ResidentonFOX,69,FOX
0.0,Sun Sep 23 23:54:18 +0000 2018,1.0,0.0,0.0,@Raconner12 You're almost there! Click https://t.co/UtLodrAWJs to confirm #NationalPreparedness + üö®,70,FOX
0.361,Sun Sep 23 23:54:13 +0000 2018,0.839,0.0,0.161,@Neel_214 Ready for #NationalPreparedness + üö®  Click here to confirm your order https://t.co/NriFpMvGrX,71,FOX
0.361,Sun Sep 23 23:54:10 +0000 2018,0.839,0.0,0.161,@cloud10277 Ready for #NationalPreparedness + üö®  Click here to confirm your order https://t.co/ozYUm227oc,72,FOX
0.361,Sun Sep 23 23:54:07 +0000 2018,0.839,0.0,0.161,@dodo74 Ready for #NationalPreparedness + üö®  Click here to confirm your order https://t.co/8UDL5R89qV,73,FOX
0.0,Sun Sep 23 23:54:06 +0000 2018,1.0,0.0,0.0,@dreamwithfaith You're almost there! Click https://t.co/nm4WB4EfHk to confirm #NationalPreparedness + üö®,74,FOX
0.801,Sun Sep 23 23:54:06 +0000 2018,0.556,0.0,0.444,@CrazyLady240 Congrats! You successfully ordered your #NationalPreparedness + üö® kit!,75,FOX
0.361,Sun Sep 23 23:53:58 +0000 2018,0.839,0.0,0.161,@crohlig Ready for #NationalPreparedness + üö®  Click here to confirm your order https://t.co/0UzBLBOvqG,76,FOX
0.0,Sun Sep 23 23:53:44 +0000 2018,1.0,0.0,0.0,@KerryH0we Click to confirm your order https://t.co/9zcDLK9THd #NationalPreparedness + üö® @911onFOX and @ResidentonFOX,77,FOX
0.361,Sun Sep 23 23:53:40 +0000 2018,0.839,0.0,0.161,@dmode305 Ready for #NationalPreparedness + üö®  Click here to confirm your order https://t.co/SwFE7VCUho,78,FOX
0.361,Sun Sep 23 23:53:28 +0000 2018,0.839,0.0,0.161,@Char__ley Ready for #NationalPreparedness + üö®  Click here to confirm your order https://t.co/vhT7zY7c8e,79,FOX
0.0,Sun Sep 23 23:53:24 +0000 2018,1.0,0.0,0.0,@LAOpack_04 Click to confirm your order https://t.co/HJHCcuJbqD #NationalPreparedness + üö® @911onFOX and @ResidentonFOX,80,FOX
0.361,Sun Sep 23 23:44:17 +0000 2018,0.839,0.0,0.161,@jgonza49546846 Ready for #NationalPreparedness + üö®  Click here to confirm your order https://t.co/huC2EXJjFW,81,FOX
0.0,Sun Sep 23 23:44:15 +0000 2018,1.0,0.0,0.0,@erockradio You're almost there! Click https://t.co/SkyNHJUcTS to confirm #NationalPreparedness + üö®,82,FOX
0.801,Sun Sep 23 23:44:12 +0000 2018,0.556,0.0,0.444,@KrabbyKam Congrats! You successfully ordered your #NationalPreparedness + üö® kit!,83,FOX
0.361,Sun Sep 23 23:44:07 +0000 2018,0.839,0.0,0.161,@vfarrish77 Ready for #NationalPreparedness + üö®  Click here to confirm your order https://t.co/9T7ymqnkoO,84,FOX
0.361,Sun Sep 23 23:44:06 +0000 2018,0.839,0.0,0.161,@Heydare Ready for #NationalPreparedness + üö®  Click here to confirm your order https://t.co/RKfBHDPVpY,85,FOX
0.0,Sun Sep 23 23:44:04 +0000 2018,1.0,0.0,0.0,@hello_amanda Click to confirm your order https://t.co/IVgK70fyRZ #NationalPreparedness + üö® @911onFOX and @ResidentonFOX,86,FOX
0.0,Sun Sep 23 23:43:56 +0000 2018,1.0,0.0,0.0,@jesuscruz0501 Got your order! #NationalPreparedness + üö® is on it's way with @911onFOX and @ResidentonFOX,87,FOX
0.0,Sun Sep 23 23:43:45 +0000 2018,1.0,0.0,0.0,@melwoon Got your order! #NationalPreparedness + üö® is on it's way with @911onFOX and @ResidentonFOX,88,FOX
0.361,Sun Sep 23 23:43:27 +0000 2018,0.839,0.0,0.161,@thetyrantseye Ready for #NationalPreparedness + üö®  Click here to confirm your order https://t.co/jjwzxab5l2,89,FOX
0.0,Sun Sep 23 23:42:57 +0000 2018,1.0,0.0,0.0,@jenwisdom Click to confirm your order https://t.co/jYmHbWKg71 #NationalPreparedness + üö® @911onFOX and @ResidentonFOX,90,FOX
0.801,Sun Sep 23 23:42:46 +0000 2018,0.556,0.0,0.444,@jecheng Congrats! You successfully ordered your #NationalPreparedness + üö® kit!,91,FOX
0.801,Sun Sep 23 23:42:33 +0000 2018,0.556,0.0,0.444,@Daaaarrr1 Congrats! You successfully ordered your #NationalPreparedness + üö® kit!,92,FOX
0.0,Sun Sep 23 23:42:27 +0000 2018,1.0,0.0,0.0,@kayrockit5000 Click to confirm your order https://t.co/au3Tw1FbSh #NationalPreparedness + üö® @911onFOX and @ResidentonFOX,93,FOX
0.361,Sun Sep 23 23:42:24 +0000 2018,0.839,0.0,0.161,@jesuscruz0501 Ready for #NationalPreparedness + üö®  Click here to confirm your order https://t.co/d5Kp6zpfqU,94,FOX
0.0,Sun Sep 23 23:42:02 +0000 2018,1.0,0.0,0.0,@so_its_karla Click to confirm your order https://t.co/hsLuHXKiBZ #NationalPreparedness + üö® @911onFOX and @ResidentonFOX,95,FOX
0.0,Sun Sep 23 23:41:48 +0000 2018,1.0,0.0,0.0,@ErikaAnaLugo Got your order! #NationalPreparedness + üö® is on it's way with @911onFOX and @ResidentonFOX,96,FOX
0.361,Sun Sep 23 23:41:39 +0000 2018,0.839,0.0,0.161,@PostmateDriver Ready for #NationalPreparedness + üö®  Click here to confirm your order https://t.co/72VdcsADXp,97,FOX
0.0,Sun Sep 23 23:41:36 +0000 2018,1.0,0.0,0.0,@82070c62b291420 You're almost there! Click https://t.co/qRxna5phnb to confirm #NationalPreparedness + üö®,98,FOX
0.361,Sun Sep 23 23:41:33 +0000 2018,0.839,0.0,0.161,@mentado219 Ready for #NationalPreparedness + üö®  Click here to confirm your order https://t.co/IMhpe8kz8i,99,FOX
0.0,Sun Sep 23 23:41:30 +0000 2018,1.0,0.0,0.0,@beechgurly You're almost there! Click https://t.co/8nKxgjkCEj to confirm #NationalPreparedness + üö®,100,FOX
0.0,Sat Sep 29 08:05:21 +0000 2018,1.0,0.0,0.0,McKinsey &amp; Company is advising the Puerto Rican government on a financial overhaul to lighten its crippling debts.‚Ä¶ https://t.co/E1uRYpKeLb,1,The New York Times
-0.758,Sat Sep 29 08:04:42 +0000 2018,0.723,0.277,0.0,Breaking News: Nearly 400 people were killed when an earthquake and a tsunami struck the Indonesian island of Sulaw‚Ä¶ https://t.co/4pQUmpMggT,2,The New York Times
-0.511,Sat Sep 29 07:48:16 +0000 2018,0.852,0.148,0.0,A program intended to wipe away the student loans of qualifying public servants rejected more than 99% of those who‚Ä¶ https://t.co/06as1CWjkT,3,The New York Times
0.542,Sat Sep 29 07:32:00 +0000 2018,0.809,0.0,0.191,RT @comradewong: 1. Secretary of State Mike Pompeo made a surprise announcement on the closing of the Basra consulate. Cited security reaso‚Ä¶,4,The New York Times
-0.766,Sat Sep 29 07:28:43 +0000 2018,0.602,0.398,0.0,A Prostitute Was Killed in France. Is a New Law Partly to Blame? https://t.co/bmp3PFRMJz,5,The New York Times
0.0,Sat Sep 29 07:06:16 +0000 2018,1.0,0.0,0.0,"In case you're listening to Robyn's new song, ""Honey,"" on repeat...  https://t.co/JG85JYu0RX",6,The New York Times
0.0,Sat Sep 29 06:50:05 +0000 2018,1.0,0.0,0.0,Scientists reported the first discovery of all-female termite societies ‚Äî¬†researchers did not find a single male https://t.co/wSUj2xJy05,7,The New York Times
0.262,Sat Sep 29 06:32:06 +0000 2018,0.903,0.0,0.097,"RT @HernandezJavier: The young activists are model students &amp; ardent communists, singing socialist anthems and quoting Mao. But China's lea‚Ä¶",8,The New York Times
0.0,Sat Sep 29 06:15:52 +0000 2018,1.0,0.0,0.0,"Lady Gaga and Bradley Cooper are in the sha-ha-sha-hallow, and Lil Wayne's long-delayed album is here. Here's the w‚Ä¶ https://t.co/PKWMDlw9Cw",9,The New York Times
-0.202,Sat Sep 29 05:59:31 +0000 2018,0.602,0.223,0.175,Good science means publishing negative results. It doesn't happen nearly enough. https://t.co/bDl1g2jQTG,10,The New York Times
-0.103,Sat Sep 29 05:42:03 +0000 2018,0.82,0.098,0.082,RT @NYTScience: Research into these termite colonies in Japan is the first to demonstrate that males can be discarded from advanced societi‚Ä¶,11,The New York Times
0.44,Sat Sep 29 05:22:06 +0000 2018,0.693,0.091,0.216,"Social Security faces a projected shortfall in about 16 years, when benefits would be cut by roughly 20%. Lawmakers‚Ä¶ https://t.co/2NMThx4CH0",12,The New York Times
0.637,Sat Sep 29 05:02:02 +0000 2018,0.802,0.0,0.198,"In a world that relentlessly enforces limits, the love of a pet is a refuge for unconstrained emotion, especially f‚Ä¶ https://t.co/9EUUOR1Mgl",13,The New York Times
-0.818,Sat Sep 29 04:42:05 +0000 2018,0.679,0.321,0.0,"A tsunami kills dozens in Indonesia, and an aid worker fears the toll will rise: ‚ÄúI‚Äôm worried about people who migh‚Ä¶ https://t.co/f6YPK34FKh",14,The New York Times
0.0,Sat Sep 29 04:21:03 +0000 2018,1.0,0.0,0.0,"By the time it closes, it will be the 25th-longest-running Broadway production in history https://t.co/W6UiJdZAFn",15,The New York Times
0.0,Sat Sep 29 04:16:58 +0000 2018,1.0,0.0,0.0,"Marty Balin, a Founder of Jefferson Airplane, Dies at 76 https://t.co/IEviiYSSJb",16,The New York Times
-0.318,Sat Sep 29 04:02:01 +0000 2018,0.731,0.142,0.128,"RT @nytpolitics: Representative Duncan Hunter has released a startling attack against his Democratic challenger, suggesting that he is an I‚Ä¶",17,The New York Times
0.0,Sat Sep 29 03:47:06 +0000 2018,1.0,0.0,0.0,"While many NASA astronauts have auctioned off items decades ago, ‚ÄúNeil Armstrong never did that,‚Äù an auction offici‚Ä¶ https://t.co/eaErJ25Fx2",18,The New York Times
-0.361,Sat Sep 29 03:32:02 +0000 2018,0.889,0.111,0.0,"RT @mmcintire: NEW: ‚ÄúWhat emerges is the image of a skilled lawyer who, when pressed on difficult subjects, sometimes crafted responses tha‚Ä¶",19,The New York Times
0.0,Sat Sep 29 03:17:05 +0000 2018,1.0,0.0,0.0,"International readers from South Africa to Scotland told us that they watched the Kavanaugh hearing: ""I don‚Äôt think‚Ä¶ https://t.co/vPeubxVAx2",20,The New York Times
0.0,Fri Sep 28 22:17:05 +0000 2018,1.0,0.0,0.0,"Mark Judge, who has been named by 2 women as being a key witness to sexual misconduct by Brett Kavanaugh, said that‚Ä¶ https://t.co/bhVh7UQoaN",21,The New York Times
-0.859,Fri Sep 28 22:02:06 +0000 2018,0.627,0.373,0.0,Facebook said that attackers exploited a weakness that enabled them to hijack the accounts of nearly 50 million use‚Ä¶ https://t.co/5EKNmz6KWF,22,The New York Times
0.25,Fri Sep 28 21:47:04 +0000 2018,0.889,0.0,0.111,"RT @nytimesphoto: In 1958, nearly 60 jazz giants gathered in Harlem for one immortal snapshot https://t.co/qEppdMiFQe https://t.co/oJAYtSTG‚Ä¶",23,The New York Times
-0.904,Fri Sep 28 21:32:03 +0000 2018,0.551,0.449,0.0,Prosecutors will seek the death penalty for the suspect in the 2017 Manhattan truck attack. President Trump‚Äôs tweet‚Ä¶ https://t.co/h4gUKa4Mpw,24,The New York Times
0.0,Fri Sep 28 21:30:46 +0000 2018,1.0,0.0,0.0,"A recent flash point in the New York governor's race is not the economy, the city's subways or the $160 billion sta‚Ä¶ https://t.co/yaGgy9Vn7u",25,The New York Times
0.0,Fri Sep 28 21:10:05 +0000 2018,1.0,0.0,0.0,Scientists had long assumed that few creatures dined on jellyfish. But new research suggests that jellyfish may be‚Ä¶ https://t.co/CoalBIE4n9,26,The New York Times
0.0,Fri Sep 28 20:55:04 +0000 2018,1.0,0.0,0.0,"Lady Gaga and Bradley Cooper are in the sha-ha-sha-hallow, and Lil Wayne's long-delayed album is here. Here's the w‚Ä¶ https://t.co/4usb2gRX2a",27,The New York Times
0.756,Fri Sep 28 20:45:08 +0000 2018,0.613,0.082,0.305,RT @mikiebarb: A remarkable exchange between a reluctant Bradley Cooper and a pleading @taffyakner that I'm so glad she transcribed. https:‚Ä¶,28,The New York Times
0.527,Fri Sep 28 20:30:11 +0000 2018,0.595,0.0,0.405,"Today, be kind to yourself
https://t.co/nAtGWZ3hnU",29,The New York Times
-0.318,Fri Sep 28 20:14:21 +0000 2018,0.887,0.113,0.0,Breaking News: Republicans will delay the final Senate vote on Judge Brett Kavanaugh's confirmation by up to a week‚Ä¶ https://t.co/cf7hpL9fpL,30,The New York Times
0.0,Fri Sep 28 20:00:10 +0000 2018,1.0,0.0,0.0,Skilled nursing facilities are seeing drops in occupancy rates. According to the National Investment Center for Sen‚Ä¶ https://t.co/Z8soUrob6z,31,The New York Times
0.0,Fri Sep 28 19:45:04 +0000 2018,1.0,0.0,0.0,"The wild, ragged days of Governors Island are over, and development is coming https://t.co/ssb7v2wb9q",32,The New York Times
0.0,Fri Sep 28 19:35:07 +0000 2018,1.0,0.0,0.0,"RT @MikeIsaac: y'all should have started noticing something early this morning, as facebook started forcing the logouts of millions of user‚Ä¶",33,The New York Times
0.494,Fri Sep 28 19:25:03 +0000 2018,0.811,0.0,0.189,The United States and Mexico are expected to release text of a bipartisan trade deal that the 2 countries reached l‚Ä¶ https://t.co/lO59yhhFzk,34,The New York Times
0.0,Fri Sep 28 19:10:07 +0000 2018,1.0,0.0,0.0,"RT @nytopinion: The Senate Judiciary Committee voted to advance Kavanaugh. There may be a one-week F.B.I. investigation, but that‚Äôs still u‚Ä¶",35,The New York Times
0.096,Fri Sep 28 18:55:31 +0000 2018,0.929,0.0,0.071,"In 2017, Senator Jeff Flake announced he would not seek re-election. He issued this challenge in his announcement:‚Ä¶ https://t.co/v8KC3bs9eF",36,The New York Times
0.0,Fri Sep 28 18:40:57 +0000 2018,1.0,0.0,0.0,Breaking News: President Trump said he found Christine Blasey Ford‚Äôs testimony ‚Äúvery compelling‚Äù and that senators‚Ä¶ https://t.co/t2ntl73Cpr,37,The New York Times
0.0,Fri Sep 28 18:11:30 +0000 2018,1.0,0.0,0.0,"RT @juliehdavis: ""Somebody's gotta explain this to Trump, so I guess that'll be my job,"" Sen Graham says sardonically on his way out of Jud‚Ä¶",38,The New York Times
-0.226,Fri Sep 28 18:09:56 +0000 2018,0.899,0.101,0.0,"Breaking News: Senator Jeff Flake, a crucial swing vote on Brett Kavanaugh, demanded an FBI inquiry before a final‚Ä¶ https://t.co/f72iGu0psN",39,The New York Times
0.494,Fri Sep 28 18:06:48 +0000 2018,0.862,0.0,0.138,"RT @juliehdavis: ""This is all a gentlemen's &amp; gentleladies' agreement"" Grassley says, making key point re what just happened. After much sp‚Ä¶",40,The New York Times
-0.382,Fri Sep 28 10:15:04 +0000 2018,0.874,0.126,0.0,"Travelers on airplanes cried as they watched it on their seatback televisions. Television screens at nail salons, s‚Ä¶ https://t.co/HJk6nqRkLu",41,The New York Times
0.0,Fri Sep 28 10:11:06 +0000 2018,1.0,0.0,0.0,Morning¬†Briefing: Here's what you need to know to start your day https://t.co/mScIpbTHpG https://t.co/c2wgX3CeD4,42,The New York Times
0.7,Fri Sep 28 10:00:25 +0000 2018,0.746,0.0,0.254,"Chicken francese, sometimes called chicken French, is one of those rare restaurant dishes that's truly easy to cook‚Ä¶ https://t.co/E5arrm5vMM",43,The New York Times
0.0,Fri Sep 28 09:44:00 +0000 2018,1.0,0.0,0.0,A look at why Turkey‚Äôs Erdogan has toned down his anti-Western rhetoric https://t.co/mUUtb2T6km,44,The New York Times
0.494,Fri Sep 28 09:31:06 +0000 2018,0.814,0.0,0.186,RT @MattAndersonNYT: Can Bach save the world? Yo-Yo Ma wants to give it a try. https://t.co/6uEwOoomNI,45,The New York Times
0.0,Fri Sep 28 09:15:07 +0000 2018,1.0,0.0,0.0,"‚ÄúI am terrified,‚Äù the accuser began.
‚ÄúI am innocent,‚Äù the judge thundered.
https://t.co/QrIQ9xbpwg",46,The New York Times
0.477,Fri Sep 28 09:01:27 +0000 2018,0.758,0.071,0.171,The American Bar Association called for postponing a vote on Judge Brett Kavanaugh‚Äôs nomination to the Supreme Cour‚Ä¶ https://t.co/Np8CPx4jjU,47,The New York Times
0.0,Fri Sep 28 09:00:19 +0000 2018,1.0,0.0,0.0,"""I didn‚Äôt meet my girlfriend, Jessica, until 12 years after our daughter, Alice, was born. Let me explain."" https://t.co/mZYkbKEJvW",48,The New York Times
0.077,Fri Sep 28 08:45:04 +0000 2018,0.582,0.175,0.243,"Consuming caffeine regularly may increase the ability to withstand pain, a small study suggests https://t.co/c6GFHJIXZO",49,The New York Times
-0.178,Fri Sep 28 08:30:01 +0000 2018,0.783,0.124,0.092,"In a writing career hampered by illness, David Wong Louie created acclaimed stories that drew on his experiences as‚Ä¶ https://t.co/kdAMcgWGc8",50,The New York Times
0.0,Fri Sep 28 08:15:06 +0000 2018,1.0,0.0,0.0,"As one person responded on Twitter, ‚ÄúSome days I‚Äôm the man. Some days I‚Äôm the seal. Most days I‚Äôm the octopus.‚Äù https://t.co/KEgxwdV5zS",51,The New York Times
-0.612,Fri Sep 28 08:00:11 +0000 2018,0.808,0.192,0.0,Secretary of State Mike Pompeo said that the world is at ‚Äúthe dawn of a new day‚Äù in confronting the threat posed by‚Ä¶ https://t.co/Hk8dnEkov3,52,The New York Times
-0.599,Fri Sep 28 07:45:07 +0000 2018,0.766,0.234,0.0,"Elon Musk, Tesla‚Äôs chief executive, was accused by federal regulators of misleading investors with false public sta‚Ä¶ https://t.co/I2snc92wVQ",53,The New York Times
-0.542,Fri Sep 28 07:30:09 +0000 2018,0.8,0.2,0.0,The Israeli and Palestinian leaders gave two very different views of their protracted conflict and there were no hi‚Ä¶ https://t.co/ZKfxUjEE5o,54,The New York Times
-0.625,Fri Sep 28 07:15:02 +0000 2018,0.806,0.194,0.0,The U.N. Human Rights Council aims to expedite prosecutions of Myanmar's military leaders over the brutal campaign‚Ä¶ https://t.co/B81G9yM4Z4,55,The New York Times
0.0,Fri Sep 28 07:06:05 +0000 2018,1.0,0.0,0.0,"Inside and outside the hearing room, uncommon visitors stalked the grounds. Steph Wolfram, 27, said she had been re‚Ä¶ https://t.co/5o2ry6cLxY",56,The New York Times
0.128,Fri Sep 28 07:00:07 +0000 2018,0.704,0.136,0.161,Volunteers with boats sped to the crash site to save passengers from the sinking aircraft https://t.co/0GIQ3oce2I,57,The New York Times
0.0,Fri Sep 28 06:45:04 +0000 2018,1.0,0.0,0.0,"""Today, I am disclosing for the first time that Iran has another secret facility in Tehran,‚Äù Israel's prime ministe‚Ä¶ https://t.co/LqVXn1fhOj",58,The New York Times
0.422,Fri Sep 28 06:30:13 +0000 2018,0.882,0.0,0.118,"KFC now has more locations in China than in the United States, with more than 5,000 restaurants in more than 1,000‚Ä¶ https://t.co/vNlvqvU08z",59,The New York Times
-0.904,Fri Sep 28 06:15:05 +0000 2018,0.621,0.379,0.0,"‚ÄúIf you are too upset, you are crazy. If you are not upset enough, people don‚Äôt believe you were raped. So you have‚Ä¶ https://t.co/q58iMhrtPj",60,The New York Times
-0.856,Thu Sep 27 20:10:05 +0000 2018,0.615,0.385,0.0,The police in Slovakia arrested 8 people suspected of being connected to the killing of a young investigative journ‚Ä¶ https://t.co/f0VvauHkVY,61,The New York Times
-0.361,Thu Sep 27 20:05:53 +0000 2018,0.894,0.106,0.0,"RT @peterbakernyt: The parallel with the Clinton deposition in the Jones case, when the lawyers gave him a definition of sex, is eerie.",62,The New York Times
0.0,Thu Sep 27 20:03:15 +0000 2018,1.0,0.0,0.0,"In stark contrast to his subdued appearance earlier this week on Fox News, Brett Kavanaugh was sharp and emotional‚Ä¶ https://t.co/C2DyAcoRFu",63,The New York Times
0.0,Thu Sep 27 20:00:07 +0000 2018,1.0,0.0,0.0,"Ana Mendieta‚Äôs art often pushed ethnic, sexual, moral, religious and political boundaries. But her stature as an ar‚Ä¶ https://t.co/Jrr3KYKZuW",64,The New York Times
-0.44,Thu Sep 27 19:55:21 +0000 2018,0.873,0.127,0.0,"Brett Kavanaugh condemned Democrats who he said had searched for reasons to sink him weeks before, only to turn to‚Ä¶ https://t.co/GbDkZo6swj",65,The New York Times
-0.25,Thu Sep 27 19:50:16 +0000 2018,0.9,0.1,0.0,"RT @peterbakernyt: Kavanaugh: ""You may defeat me in the final vote but you‚Äôll never get me to quit. Never.""",66,The New York Times
-0.422,Thu Sep 27 19:50:03 +0000 2018,0.756,0.16,0.084,Americans had their first chance to see Dr. Christine Blasey Ford testify about the alleged assault by Judge Brett‚Ä¶ https://t.co/Uol1nB8HXV,67,The New York Times
-0.077,Thu Sep 27 19:48:41 +0000 2018,0.773,0.12,0.107,"As Brett Kavanaugh recounted his daughters praying last night for Dr. Christine Blasey Ford, he broke down in tears‚Ä¶ https://t.co/FyEMOusEYm",68,The New York Times
0.202,Thu Sep 27 19:45:04 +0000 2018,0.924,0.0,0.076,"RT @SherylNYT: Christine Blasey Ford's GoFundMe is already on the site's list of top fundraisers. It says she has raised nearly $350,000 so‚Ä¶",69,The New York Times
-0.178,Thu Sep 27 19:40:09 +0000 2018,0.735,0.147,0.118,"Merle Debuskey, a renowned press agent who was an influential force on and off Broadway for decades, died on Tuesda‚Ä¶ https://t.co/RJ8iOtjMPD",70,The New York Times
0.226,Thu Sep 27 19:33:13 +0000 2018,0.863,0.0,0.137,"RT @adamliptak: Kavanaugh: ""You have replaced advice and consent with search and destroy.""",71,The New York Times
-0.572,Thu Sep 27 19:30:44 +0000 2018,0.821,0.179,0.0,"Watch live: ‚ÄúMy family and my name have been totally and permanently destroyed,‚Äù a visibly furious Brett Kavanaugh‚Ä¶ https://t.co/1TYQLMmr6C",72,The New York Times
0.25,Thu Sep 27 19:25:05 +0000 2018,0.913,0.0,0.087,"The EPA plans to dissolve its Office of the Science Advisor, a senior post that was created to counsel the EPA admi‚Ä¶ https://t.co/QOs1Y73bQ8",73,The New York Times
0.0,Thu Sep 27 19:25:03 +0000 2018,1.0,0.0,0.0,"At the #nytnewrules summit, 

Candidates @PearlKimPA of Pennsylvania and @RashidaTlaib of Michigan are discussing w‚Ä¶ https://t.co/3ZfhvDxkzu",74,The New York Times
-0.596,Thu Sep 27 19:14:53 +0000 2018,0.795,0.205,0.0,"RT @npfandos: A very, very angry Kavanaugh in his opener: ""This confirmation process has become a national disgrace.""",75,The New York Times
-0.586,Thu Sep 27 19:12:04 +0000 2018,0.808,0.192,0.0,Breaking News: Live video: Brett Kavanaugh is responding to sexual assault allegations described in dramatic testim‚Ä¶ https://t.co/m7a824A2Zu,76,The New York Times
0.0,Thu Sep 27 19:10:05 +0000 2018,1.0,0.0,0.0,"In Opinion

Op-Ed columnist @FrankBruni writes of Dr. Christine Blasey Ford's testimony, ""She came across as both p‚Ä¶ https://t.co/Vrc4M6KQyT",77,The New York Times
0.0,Thu Sep 27 18:55:06 +0000 2018,1.0,0.0,0.0,"For 12 days, Dr. Blasey was an idea rather than a person, sight unseen. But on Thursday, she became very real, tell‚Ä¶ https://t.co/EOmlYp7oNE",78,The New York Times
-0.616,Thu Sep 27 18:40:04 +0000 2018,0.799,0.201,0.0,"After 45 years, more than 1,000 fights and some of the most lucrative and controversial matches of all time, HBO is‚Ä¶ https://t.co/fn8wGBdu4y",79,The New York Times
0.03,Thu Sep 27 18:39:16 +0000 2018,0.853,0.07,0.076,RT @peterbakernyt: Mitchell finishes the Republican side‚Äôs questioning of Christine Blasey Ford without shaking her account or even meaning‚Ä¶,80,The New York Times
0.0,Thu Sep 27 08:30:06 +0000 2018,1.0,0.0,0.0,We asked artists what they'd do if they could go to the moon. Kara Walker would establish a colony and send white s‚Ä¶ https://t.co/OCgH7dnAnD,81,The New York Times
-0.382,Thu Sep 27 08:15:04 +0000 2018,0.672,0.218,0.109,The children of Britain‚Äôs working poor are going hungry. Austerity programs have cut benefits and may affect young‚Ä¶ https://t.co/8NW788YX2q,82,The New York Times
0.0,Thu Sep 27 08:00:12 +0000 2018,1.0,0.0,0.0,"After taking $4.3 million from an Alaska bank, prosecutors say, a man flew to Washington State, drove to California‚Ä¶ https://t.co/6ashPessbN",83,The New York Times
0.0,Thu Sep 27 07:45:03 +0000 2018,1.0,0.0,0.0,Bill Cosby is now occupying a single 7-by-13-foot cell with a 10-foot ceiling https://t.co/sj2R8EK0nY,84,The New York Times
-0.422,Thu Sep 27 07:30:07 +0000 2018,0.872,0.128,0.0,A former Google employee sent a letter to Congress suggesting that the company broke its own privacy rules as it wo‚Ä¶ https://t.co/2NEKu9PT8p,85,The New York Times
0.511,Thu Sep 27 07:15:01 +0000 2018,0.858,0.0,0.142,"In a letter, Pope Francis urged Chinese Catholics to ‚Äúplace your trust ever more firmly in the Lord of history and‚Ä¶ https://t.co/jKtLgNc0JJ",86,The New York Times
-0.285,Thu Sep 27 07:00:02 +0000 2018,0.903,0.097,0.0,"""The central disappointment of these spaces is not that they are so narcissistic, but rather that they seem to have‚Ä¶ https://t.co/XjpOIJVbMA",87,The New York Times
0.318,Thu Sep 27 06:45:06 +0000 2018,0.881,0.0,0.119,"‚ÄúYes, please. Mr. Kurd. Go ahead,‚Äù President Trump said, referring to a Kurdish journalist. That reporter‚Äôs real na‚Ä¶ https://t.co/7RZaO4P0GL",88,The New York Times
-0.459,Thu Sep 27 06:30:03 +0000 2018,0.677,0.218,0.105,Jos√© Mourinho‚Äôs biggest problem at Manchester United is not identifying what is wrong. It‚Äôs that he does not seem t‚Ä¶ https://t.co/AvbdHzBeYY,89,The New York Times
0.0,Thu Sep 27 06:15:08 +0000 2018,1.0,0.0,0.0,"Showing all of the videos from your travels can be cumbersome. Instead, stitch them together into a short highlight‚Ä¶ https://t.co/CJ9moCs9Ck",90,The New York Times
0.691,Thu Sep 27 06:00:06 +0000 2018,0.737,0.0,0.263,Democrats are framing the hearing as a job interview to determine Judge Kavanaugh‚Äôs fitness to serve; a Supreme Cou‚Ä¶ https://t.co/y0OMe3PBm4,91,The New York Times
-0.527,Thu Sep 27 05:45:02 +0000 2018,0.804,0.196,0.0,"President Trump accused China of interfering in the midterm elections, but offered no evidence of how China might b‚Ä¶ https://t.co/7f9FHcH6XE",92,The New York Times
0.422,Thu Sep 27 05:37:35 +0000 2018,0.725,0.0,0.275,"RT @nytimesworld: Excuse me, waiter? I'd like to return this calamari. https://t.co/fAjqokqtTp",93,The New York Times
-0.422,Thu Sep 27 05:30:05 +0000 2018,0.851,0.149,0.0,Sweden‚Äôs advertising ombudsman decided that an internet service provider was guilty of gender discrimination by usi‚Ä¶ https://t.co/G7G0d8iomv,94,The New York Times
0.612,Thu Sep 27 05:15:06 +0000 2018,0.808,0.0,0.192,"‚ÄúI got all the time in the world,‚Äù President Trump said about reaching an agreement with North Korea to rid the cou‚Ä¶ https://t.co/km7NKfr9MA",95,The New York Times
-0.296,Thu Sep 27 05:00:09 +0000 2018,0.891,0.109,0.0,There are multiple women who have accused Judge Brett Kavanaugh of sexual misconduct. Here are their allegations an‚Ä¶ https://t.co/klKNqVbPor,96,The New York Times
0.0,Thu Sep 27 04:47:01 +0000 2018,1.0,0.0,0.0,"RT @readercenter: Our chief White House correspondent, @peterbakernyt answered questions regarding Judge Brett M. Kavanaugh's potential con‚Ä¶",97,The New York Times
0.0,Thu Sep 27 04:32:05 +0000 2018,1.0,0.0,0.0,The manta ray is using a previously unknown method of filtration that causes particles to glide over its straining‚Ä¶ https://t.co/gRltr01xH2,98,The New York Times
0.0,Thu Sep 27 04:17:02 +0000 2018,1.0,0.0,0.0,RT @adamnagourney: ‚ÄúI don‚Äôt think this campaign will test him.‚Äù The cost to Californians of Gavin Newsom‚Äôs low-profile campaign to succeed‚Ä¶,99,The New York Times
0.0,Thu Sep 27 04:02:02 +0000 2018,1.0,0.0,0.0,"This extinct elephant bird that lived on the island of Madagascar may have weighed as much as 1,700 pounds https://t.co/72wVQj91Zj",100,The New York Times
